277.73407, 191.20261, 215.32014,  0.00047
275.41605, 191.18716, 215.30548,  0.00181
273.40134, 191.17606, 215.30055,  0.00299
271.38977, 191.16542, 215.30222,  0.00416
269.38132, 191.15327, 215.30754,  0.00532
267.37604, 191.14116, 215.31400,  0.00649
265.37378, 191.12962, 215.31905,  0.00766
263.37448, 191.11832, 215.32063,  0.00882
261.37811, 191.10680, 215.31757,  0.00998
259.38474, 191.09486, 215.30949,  0.01114
257.39438, 191.08269, 215.29709,  0.01230
255.40700, 191.07034, 215.28212,  0.01345
253.42253, 191.05836, 215.26662,  0.01461
251.44099, 191.04643, 215.25194,  0.01576
249.46234, 191.03448, 215.23846,  0.01691
247.48662, 191.02251, 215.22627,  0.01806
245.58679, 191.01091, 215.21544,  0.01917
243.39803, 190.99763, 215.20299,  0.02044
241.50395, 190.98613, 215.19160,  0.02154
239.53983, 190.97382, 215.17871,  0.02261
237.65126, 190.96184, 215.16696,  0.02382
235.69312, 190.94942, 215.15649,  0.02547
233.81046, 190.93779, 215.14767,  0.02588
231.85835, 190.92584, 215.13977,  0.02715
229.90935, 190.91359, 215.13199,  0.02828
227.89131, 190.90079, 215.12270,  0.02946
225.94838, 190.88844, 215.11095,  0.03058
224.00839, 190.87616, 215.09535,  0.03171
222.14305, 190.86436, 215.07632,  0.03280
220.20888, 190.85210, 215.05368,  0.03392
218.20622, 190.83928, 215.03067,  0.03509
216.27783, 190.82690, 215.00877,  0.03621
214.35196, 190.81413, 214.98793,  0.03733
212.42784, 190.80135, 214.96846,  0.03845
210.50307, 190.78860, 214.95004,  0.03956
208.57562, 190.77554, 214.93217,  0.04069
206.64453, 190.76251, 214.91504,  0.04181
204.71107, 190.74953, 214.90695,  0.04294
202.77769, 190.73694, 214.91142,  0.04406
200.84593, 190.72469, 214.92682,  0.04518
198.91637, 190.71243, 214.95334,  0.04630
196.98920, 190.69946, 214.98991,  0.04742
195.06422, 190.68596, 215.03360,  0.04854
193.14120, 190.67200, 215.08087,  0.04966
191.22008, 190.65802, 215.12820,  0.05078
189.30081, 190.64441, 215.17282,  0.05189
187.31245, 190.63075, 215.21461,  0.05305
185.39693, 190.61758, 215.25050,  0.05416
183.48166, 190.60353, 215.28252,  0.05527
181.56404, 190.58875, 215.31110,  0.05639
179.57265, 190.57385, 215.33719,  0.05755
177.65253, 190.56021, 215.35831,  0.05866
175.66396, 190.54601, 215.37128,  0.05982
173.74998, 190.53227, 215.37160,  0.06093
171.76895, 190.51814, 215.35889,  0.06208
169.79181, 190.50404, 215.33206,  0.06324
167.88873, 190.49034, 215.29466,  0.06434
165.91896, 190.47549, 215.25783,  0.06549
163.95258, 190.46024, 215.23138,  0.06663
162.05928, 190.44582, 215.21600,  0.06773
160.09897, 190.43074, 215.21291,  0.06887
158.21178, 190.41507, 215.22296,  0.06997
156.25783, 190.39822, 215.24434,  0.07110
154.37611, 190.38211, 215.27095,  0.07220
152.49585, 190.36601, 215.29906,  0.07329
150.61641, 190.34929, 215.32635,  0.07438
148.73651, 190.33084, 215.35132,  0.07548
146.78485, 190.30946, 215.37421,  0.07661
144.97035, 190.28848, 215.39282,  0.07766
143.08441, 190.26631, 215.41000,  0.07876
141.12788, 190.24260, 215.42592,  0.07990
139.24088, 190.21939, 215.43994,  0.08100
137.35365, 190.19734, 215.45435,  0.08209
135.46652, 190.17760, 215.46954,  0.08319
133.64969, 190.16104, 215.48482,  0.08425
131.76399, 190.14680, 215.50127,  0.08534
129.87967, 190.13591, 215.51814,  0.08644
127.99736, 190.12798, 215.53493,  0.08753
126.11958, 190.12355, 215.55128,  0.08863
124.24773, 190.12260, 215.56737,  0.08971
122.45087, 190.12253, 215.58260,  0.09076
120.59093, 190.12195, 215.59840,  0.09184
118.73750, 190.12317, 215.61443,  0.09292
116.89016, 190.12712, 215.63040,  0.09399
115.04842, 190.13036, 215.64615,  0.09506
113.28055, 190.13097, 215.66154,  0.09609
111.45073, 190.13129, 215.67772,  0.09715
109.62675, 190.13121, 215.69389,  0.09822
107.80872, 190.13063, 215.70895,  0.09927
105.99696, 190.13159, 215.72325,  0.10033
104.19106, 190.13521, 215.73727,  0.10138
102.39112, 190.13982, 215.75124,  0.10242
100.59727, 190.14633, 215.76489,  0.10346
98.80930, 190.15407, 215.77814,  0.10450
97.02765, 190.16031, 215.79062,  0.10554
95.26822, 190.16425, 215.80225,  0.10656
93.48742, 190.16724, 215.81386,  0.10760
91.81660, 190.16928, 215.82419,  0.10857
90.18671, 190.17145, 215.83354,  0.10952
88.57090, 190.17278, 215.84172,  0.11045
86.95993, 190.17526, 215.84776,  0.11139
85.35219, 190.17917, 215.85066,  0.11232
83.74834, 190.18173, 215.84972,  0.11325
82.14935, 190.18140, 215.84465,  0.11417
80.55591, 190.17912, 215.83398,  0.11510
78.96918, 190.17751, 215.80727,  0.11601
77.38946, 190.17847, 215.75760,  0.11692
75.81615, 190.18175, 215.68822,  0.11784
74.24931, 190.18628, 215.60037,  0.11874
72.63141, 190.19037, 215.49077,  0.11968
71.07800, 190.19341, 215.36995,  0.12057
69.53081, 190.19620, 215.23805,  0.12147
67.98931, 190.19908, 215.09903,  0.12236
66.45286, 190.20192, 214.96101,  0.12324
64.86435, 190.20520, 214.82599,  0.12416
63.33718, 190.20937, 214.70213,  0.12504
61.75868, 190.21449, 214.57603,  0.12594
60.24418, 190.21913, 214.44182,  0.12681
58.68216, 190.22429, 214.28113,  0.12770
57.18334, 190.22987, 214.10765,  0.12857
55.63710, 190.23482, 213.90849,  0.12945
54.15418, 190.23802, 213.69829,  0.13029
52.62460, 190.24098, 213.46373,  0.13117
51.15695, 190.24461, 213.22504,  0.13201
49.69600, 190.25026, 212.97740,  0.13285
48.18744, 190.25928, 212.71381,  0.13371
46.73851, 190.27037, 212.45525,  0.13453
45.29495, 190.28244, 212.19308,  0.13535
43.85699, 190.29385, 211.92690,  0.13617
42.42720, 190.30489, 211.64883,  0.13699
40.95663, 190.31740, 211.33727,  0.13782
39.54927, 190.33298, 211.01645,  0.13862
38.15277, 190.35052, 210.67464,  0.13940
36.71824, 190.36720, 210.29315,  0.14020
35.34902, 190.38203, 209.89931,  0.14096
33.99679, 190.39803, 209.47601,  0.14172
32.71436, 190.41467, 209.03508,  0.14245
31.40112, 190.43173, 208.54582,  0.14319
30.10576, 190.44724, 208.02829,  0.14392
28.83342, 190.45993, 207.47749,  0.14466
27.58986, 190.47090, 206.88867,  0.14539
26.37437, 190.48178, 206.26314,  0.14613
25.22740, 190.49260, 205.63145,  0.14684
24.06256, 190.50343, 204.94417,  0.14756
22.92632, 190.51167, 204.22321,  0.14827
21.85734, 190.51758, 203.49890,  0.14896
20.77081, 190.52409, 202.71907,  0.14968
19.74712, 190.53214, 201.94402,  0.15038
18.70599, 190.54208, 201.11836,  0.15109
17.72112, 190.55247, 200.30800,  0.15177
16.71312, 190.56331, 199.45464,  0.15246
15.75747, 190.57304, 198.62048,  0.15312
14.78586, 190.58337, 197.73732,  0.15381
13.86784, 190.59660, 196.87283,  0.15448
12.96474, 190.61494, 195.99699,  0.15513
12.07481, 190.63557, 195.11009,  0.15579
11.19842, 190.65454, 194.21088,  0.15644
10.34332, 190.66917, 193.29453,  0.15709
9.51715, 190.68300, 192.35786,  0.15775
8.71869, 190.69868, 191.40138,  0.15840
7.97550, 190.71497, 190.46523,  0.15903
7.23260, 190.73039, 189.47299,  0.15966
6.55057, 190.74126, 188.50137,  0.16028
5.87778, 190.74875, 187.47382,  0.16092
5.24419, 190.75450, 186.42957,  0.16155
4.67393, 190.75926, 185.41023,  0.16215
4.14211, 190.76227, 184.37708,  0.16275
3.62764, 190.76315, 183.28978,  0.16337
3.14916, 190.76160, 182.19125,  0.16398
2.71940, 190.75883, 181.12465,  0.16457
2.29987, 190.75526, 180.00359,  0.16519
1.90415, 190.75183, 178.86868,  0.16579
1.54126, 190.74925, 177.76237,  0.16639
1.17744, 190.74841, 176.59496,  0.16700
0.84167, 190.75066, 175.46147,  0.16761
0.52276, 190.75354, 174.32193,  0.16821
0.20913, 190.75632, 173.13232,  0.16884
-0.07608, 190.75957, 171.98445,  0.16945
-0.35354, 190.76387, 170.78529,  0.17008
-0.59841, 190.76807, 169.62671,  0.17069
-0.81905, 190.77171, 168.46330,  0.17129
-1.01044, 190.77475, 167.29649,  0.17190
-1.16936, 190.77719, 166.08243,  0.17253
-1.27871, 190.77895, 164.91641,  0.17313
-1.34682, 190.78073, 163.75204,  0.17372
-1.37678, 190.78217, 162.54373,  0.17434
-1.36742, 190.78259, 161.38553,  0.17494
-1.31956, 190.78113, 160.18575,  0.17556
-1.23969, 190.77821, 159.03697,  0.17616
-1.13061, 190.77484, 157.89256,  0.17676
-0.99214, 190.77179, 156.75333,  0.17736
-0.81289, 190.76837, 155.57663,  0.17798
-0.60762, 190.76439, 154.45171,  0.17858
-0.37477, 190.75900, 153.32901,  0.17919
-0.10549, 190.75320, 152.16214,  0.17982
0.19012, 190.74791, 150.99583,  0.18045
0.51019, 190.74402, 149.82997,  0.18109
0.85673, 190.74155, 148.66597,  0.18174
1.21736, 190.73912, 147.55009,  0.18236
1.62332, 190.73480, 146.39516,  0.18302
2.06311, 190.72913, 145.24866,  0.18367
2.53914, 190.72285, 144.11336,  0.18433
3.05117, 190.71764, 142.99043,  0.18499
3.59652, 190.71391, 141.87877,  0.18565
4.19501, 190.71133, 140.73488,  0.18636
4.79864, 190.70714, 139.64175,  0.18703
5.44883, 190.70096, 138.51324,  0.18773
6.09340, 190.69565, 137.43089,  0.18842
6.78163, 190.69266, 136.31186,  0.18913
7.46591, 190.69183, 135.24161,  0.18983
8.19883, 190.69081, 134.13737,  0.19056
8.95261, 190.68811, 133.03967,  0.19129
9.69724, 190.68394, 131.99013,  0.19200
10.48984, 190.68057, 130.90894,  0.19274
11.30141, 190.67926, 129.83609,  0.19349
12.16455, 190.67960, 128.73293,  0.19426
13.02309, 190.67827, 127.68409,  0.19502
13.87661, 190.67426, 126.69177,  0.19575
14.78873, 190.66844, 125.67795,  0.19651
15.72491, 190.66428, 124.68031,  0.19726
16.68399, 190.66342, 123.69852,  0.19803
17.62744, 190.66501, 122.76571,  0.19877
18.62566, 190.66493, 121.80704,  0.19955
19.64071, 190.66106, 120.85767,  0.20034
20.67439, 190.65492, 119.92120,  0.20112
21.76563, 190.64935, 118.96411,  0.20193
22.83462, 190.64767, 118.05277,  0.20272
23.95961, 190.64986, 117.11774,  0.20354
25.05988, 190.65048, 116.22433,  0.20435
26.17315, 190.64682, 115.33750,  0.20515
27.34176, 190.64078, 114.42628,  0.20600
28.52891, 190.63544, 113.53288,  0.20683
29.69353, 190.63486, 112.69337,  0.20764
30.92083, 190.64156, 111.84152,  0.20849
32.16742, 190.65114, 111.00737,  0.20935
33.43182, 190.65874, 110.18954,  0.21022
34.71206, 190.66336, 109.38601,  0.21110
35.95946, 190.66562, 108.62189,  0.21195
37.31155, 190.66652, 107.80974,  0.21286
38.62748, 190.66765, 107.03142,  0.21375
39.90554, 190.66954, 106.28500,  0.21461
41.24002, 190.67210, 105.51457,  0.21549
42.58357, 190.67523, 104.74760,  0.21638
43.93634, 190.67790, 103.98427,  0.21727
45.25227, 190.67926, 103.25756,  0.21813
46.68041, 190.67952, 102.49258,  0.21906
48.02282, 190.68146, 101.79290,  0.21992
49.42696, 190.68503, 101.07893,  0.22082
50.79181, 190.69128, 100.40077,  0.22169
52.21769, 190.69951, 99.70615,  0.22260
53.60205, 190.70741, 99.04279,  0.22348
55.04647, 190.71429, 98.36046,  0.22440
56.44624, 190.72020, 97.70938,  0.22529
57.85147, 190.72574, 97.07365,  0.22617
59.31236, 190.73051, 96.43542,  0.22709
60.72168, 190.73369, 95.83823,  0.22797
62.13090, 190.73497, 95.25874,  0.22884
63.48780, 190.73415, 94.71694,  0.22968
64.89664, 190.73160, 94.16959,  0.23055
66.30494, 190.72829, 93.63558,  0.23142
67.66020, 190.72565, 93.13210,  0.23225
69.06645, 190.72485, 92.61891,  0.23310
70.47135, 190.72598, 92.11459,  0.23396
71.82388, 190.72839, 91.64067,  0.23478
73.23031, 190.73128, 91.17227,  0.23563
74.64051, 190.73456, 90.73512,  0.23647
76.05414, 190.73895, 90.32529,  0.23732
77.47048, 190.74423, 89.94172,  0.23816
78.88883, 190.75008, 89.58347,  0.23900
80.25599, 190.75615, 89.25977,  0.23980
81.67632, 190.76199, 88.94138,  0.24064
83.09676, 190.76753, 88.63983,  0.24147
84.46471, 190.77263, 88.36899,  0.24227
85.88525, 190.77777, 88.10535,  0.24310
87.25270, 190.78302, 87.86620,  0.24390
88.67198, 190.78911, 87.63214,  0.24472
90.03790, 190.79472, 87.42077,  0.24551
91.45532, 190.79979, 87.22374,  0.24634
92.81931, 190.80385, 87.06146,  0.24713
94.23505, 190.80807, 86.91681,  0.24795
95.64957, 190.81279, 86.79395,  0.24877
97.06255, 190.81792, 86.69173,  0.24959
98.47374, 190.82272, 86.60762,  0.25040
99.83086, 190.82733, 86.54009,  0.25118
101.23829, 190.83253, 86.47957,  0.25199
102.59174, 190.83769, 86.42709,  0.25278
103.99533, 190.84320, 86.37653,  0.25359
105.39708, 190.84814, 86.32792,  0.25440
106.79671, 190.85208, 86.27843,  0.25521
108.14255, 190.85580, 86.23043,  0.25598
109.53824, 190.85995, 86.18038,  0.25679
110.88047, 190.86427, 86.13231,  0.25757
112.22093, 190.86830, 86.08331,  0.25835
113.61057, 190.87196, 86.02683,  0.25915
114.94656, 190.87531, 85.96913,  0.25992
116.28055, 190.87953, 85.90914,  0.26070
117.61275, 190.88451, 85.84760,  0.26147
118.94321, 190.88957, 85.78516,  0.26225
120.42535, 190.89429, 85.71513,  0.26311
121.80328, 190.89775, 85.65051,  0.26391
123.12830, 190.90137, 85.58930,  0.26468
124.45140, 190.90555, 85.52951,  0.26545
125.82343, 190.91005, 85.46899,  0.26624
127.14266, 190.91350, 85.41214,  0.26701
128.71268, 190.91638, 85.34608,  0.26792
130.27939, 190.91919, 85.28186,  0.26883
131.59096, 190.92174, 85.22983,  0.26959
132.90048, 190.92372, 85.17911,  0.27035
134.20775, 190.92485, 85.13010,  0.27111
135.51280, 190.92551, 85.08228,  0.27187
136.86589, 190.92525, 85.03397,  0.27266
138.21667, 190.92435, 84.98721,  0.27343
139.51521, 190.92447, 84.94373,  0.27418
140.81168, 190.92525, 84.90152,  0.27493
142.10602, 190.92653, 84.86071,  0.27568
143.39830, 190.92763, 84.82106,  0.27643
144.68808, 190.92912, 84.78275,  0.27717
145.97531, 190.93120, 84.74578,  0.27791
147.26021, 190.93356, 84.71031,  0.27866
148.54201, 190.93552, 84.67603,  0.27939
149.95035, 190.93840, 84.63977,  0.28020
151.17693, 190.94197, 84.60952,  0.28090
152.36804, 190.94327, 84.58080,  0.28158
153.54494, 190.94293, 84.55361,  0.28226
154.71820, 190.94304, 84.52920,  0.28293
155.93581, 190.94437, 84.50735,  0.28362
157.10725, 190.94774, 84.49083,  0.28428
158.23222, 190.95023, 84.47929,  0.28492
159.48898, 190.95395, 84.47894,  0.28562
160.69576, 190.95619, 84.50293,  0.28630
161.80905, 190.95850, 84.54768,  0.28693
162.96327, 190.96126, 84.61236,  0.28759
164.06947, 190.96419, 84.69040,  0.28821
165.17221, 190.96785, 84.78259,  0.28882
166.31532, 190.97072, 84.89098,  0.28946
167.41148, 190.97498, 85.00508,  0.29008
168.54851, 190.97893, 85.13291,  0.29072
169.68108, 190.98180, 85.27428,  0.29135
170.76392, 190.98463, 85.43015,  0.29195
171.84143, 190.98778, 85.60331,  0.29255
172.91447, 190.99165, 85.79008,  0.29314
173.98346, 190.99625, 85.98854,  0.29374
175.09125, 191.00043, 86.20521,  0.29434
176.15282, 191.00401, 86.42127,  0.29493
177.21140, 191.00807, 86.64308,  0.29550
178.26619, 191.01241, 86.87309,  0.29608
179.35643, 191.01669, 87.12853,  0.29666
180.39868, 191.02126, 87.38943,  0.29723
181.43568, 191.02649, 87.66257,  0.29779
182.46722, 191.03226, 87.94810,  0.29836
183.49174, 191.03700, 88.24953,  0.29891
184.50797, 191.04124, 88.56928,  0.29947
185.51497, 191.04442, 88.90849,  0.30003
186.51137, 191.04735, 89.26922,  0.30058
187.49536, 191.04898, 89.65370,  0.30112
188.42642, 191.04958, 90.04717,  0.30165
189.41826, 191.04926, 90.50185,  0.30222
190.31665, 191.04785, 90.94878,  0.30274
191.23332, 191.04510, 91.44279,  0.30328
192.16440, 191.04062, 91.98729,  0.30383
193.07283, 191.03366, 92.56155,  0.30439
193.92546, 191.02580, 93.13933,  0.30492
194.75859, 191.01587, 93.73992,  0.30545
195.57303, 191.00432, 94.36134,  0.30598
196.37032, 190.99144, 95.00114,  0.30651
197.18298, 190.97575, 95.68381,  0.30706
197.94937, 190.95934, 96.35516,  0.30757
198.70230, 190.94022, 97.03982,  0.30809
199.44260, 190.92273, 97.73573,  0.30859
200.17207, 190.90332, 98.44145,  0.30909
200.91968, 190.88733, 99.18523,  0.30961
201.62723, 190.87109, 99.91029,  0.31012
202.32031, 190.85600, 100.64709,  0.31061
202.99907, 190.84006, 101.39613,  0.31111
203.68973, 190.82433, 102.18796,  0.31164
204.34138, 190.80592, 102.96010,  0.31214
204.98077, 190.78751, 103.74311,  0.31265
205.60602, 190.76620, 104.53967,  0.31316
206.21385, 190.74376, 105.35145,  0.31367
206.80272, 190.71970, 106.17879,  0.31416
207.41508, 190.69313, 107.08993,  0.31471
207.97545, 190.66669, 107.98531,  0.31523
208.50427, 190.63930, 108.89773,  0.31573
209.00464, 190.61189, 109.82490,  0.31625
209.47885, 190.58591, 110.76469,  0.31675
209.94420, 190.55824, 111.75328,  0.31728
210.36481, 190.53052, 112.71718,  0.31778
210.75763, 190.50169, 113.69205,  0.31830
211.13593, 190.47038, 114.71543,  0.31882
211.47058, 190.44066, 115.71103,  0.31933
211.77519, 190.40924, 116.71574,  0.31984
212.05812, 190.37665, 117.76801,  0.32038
212.29703, 190.34482, 118.78926,  0.32091
212.50563, 190.31355, 119.81703,  0.32143
212.69104, 190.28168, 120.89139,  0.32197
212.84251, 190.25198, 121.93250,  0.32249
212.97282, 190.22029, 123.02007,  0.32303
213.07333, 190.18840, 124.07278,  0.32354
213.15205, 190.15576, 125.17085,  0.32409
213.20296, 190.12375, 126.27289,  0.32463
213.22530, 190.09406, 127.33730,  0.32516
213.22398, 190.06651, 128.40489,  0.32569
213.20107, 190.03854, 129.51643,  0.32622
213.15884, 190.01089, 130.63118,  0.32676
213.10219, 189.98422, 131.70724,  0.32727
213.02515, 189.95612, 132.82726,  0.32781
212.92702, 189.92726, 133.94887,  0.32836
212.81009, 189.89989, 135.02956,  0.32888
212.66911, 189.87286, 136.10982,  0.32941
212.49522, 189.84537, 137.23003,  0.32995
212.29965, 189.81906, 138.30634,  0.33048
212.07518, 189.79266, 139.37907,  0.33101
211.81049, 189.76466, 140.48813,  0.33158
211.52472, 189.73801, 141.55014,  0.33210
211.20833, 189.71132, 142.60535,  0.33264
210.86131, 189.68469, 143.65274,  0.33317
210.48378, 189.65781, 144.69153,  0.33371
210.05960, 189.62973, 145.75981,  0.33429
209.62022, 189.60284, 146.77762,  0.33483
209.15071, 189.57642, 147.78362,  0.33537
208.65140, 189.55058, 148.77705,  0.33592
208.12259, 189.52470, 149.75717,  0.33648
207.56471, 189.49895, 150.72295,  0.33702
206.97813, 189.47311, 151.67357,  0.33756
206.36313, 189.44751, 152.60786,  0.33809
205.61899, 189.41772, 153.66496,  0.33872
204.94466, 189.39154, 154.56197,  0.33926
204.24344, 189.36499, 155.44031,  0.33980
203.51578, 189.33810, 156.29926,  0.34034
202.73277, 189.30992, 157.16982,  0.34090
201.95297, 189.28249, 157.98650,  0.34145
201.14835, 189.25575, 158.78105,  0.34199
200.31970, 189.22943, 159.55321,  0.34255
199.43480, 189.20259, 160.33119,  0.34313
198.56129, 189.17769, 161.05855,  0.34368
197.63396, 189.15302, 161.79346,  0.34426
196.72366, 189.13055, 162.48334,  0.34482
195.79794, 189.10858, 163.15753,  0.34539
194.82112, 189.08640, 163.84116,  0.34599
193.82841, 189.06367, 164.50729,  0.34660
192.85773, 189.04134, 165.13113,  0.34719
191.87241, 189.01874, 165.73643,  0.34778
190.83356, 188.99535, 166.34387,  0.34840
189.77876, 188.97182, 166.92838,  0.34903
188.74814, 188.94952, 167.46809,  0.34963
187.66267, 188.92644, 168.00360,  0.35025
186.56290, 188.90379, 168.51189,  0.35088
185.45120, 188.88158, 168.99055,  0.35151
184.33060, 188.86067, 169.43733,  0.35215
183.20331, 188.84021, 169.85077,  0.35277
182.07056, 188.82018, 170.22990,  0.35339
180.93295, 188.79993, 170.57405,  0.35402
179.74879, 188.77888, 170.89343,  0.35466
178.60342, 188.75774, 171.16490,  0.35528
177.45470, 188.73634, 171.40012,  0.35589
176.30185, 188.71512, 171.59918,  0.35651
175.14397, 188.69389, 171.76253,  0.35713
173.98073, 188.67195, 171.89081,  0.35776
172.81268, 188.64882, 171.98488,  0.35838
171.64087, 188.62482, 172.04558,  0.35900
170.42259, 188.59985, 172.07378,  0.35966
169.24562, 188.57669, 172.06856,  0.36028
168.06694, 188.55453, 172.03250,  0.36091
166.88683, 188.53215, 171.96919,  0.36154
165.70525, 188.51045, 171.88280,  0.36218
164.52213, 188.48875, 171.77754,  0.36281
163.33710, 188.46698, 171.65695,  0.36345
162.14980, 188.44409, 171.52347,  0.36411
160.91705, 188.41751, 171.36856,  0.36479
159.72734, 188.38913, 171.20218,  0.36545
158.53622, 188.36015, 171.02290,  0.36612
157.34296, 188.33211, 170.83330,  0.36677
156.10260, 188.30492, 170.62885,  0.36747
154.85844, 188.27945, 170.42047,  0.36817
153.65523, 188.25739, 170.21712,  0.36885
152.44809, 188.23784, 170.01225,  0.36954
151.19228, 188.21964, 169.79678,  0.37026
149.97862, 188.20346, 169.58160,  0.37096
148.80779, 188.18913, 169.36711,  0.37164
147.54414, 188.17583, 169.12837,  0.37237
146.32277, 188.16315, 168.89088,  0.37309
145.14432, 188.15053, 168.65570,  0.37378
143.87227, 188.13731, 168.39697,  0.37452
142.64273, 188.12531, 168.14313,  0.37525
141.41006, 188.11479, 167.88600,  0.37598
140.17398, 188.10559, 167.62625,  0.37671
138.93440, 188.09628, 167.36436,  0.37744
137.73747, 188.08720, 167.11012,  0.37815
136.49123, 188.07700, 166.84425,  0.37889
135.24138, 188.06676, 166.57834,  0.37963
134.03311, 188.05649, 166.32977,  0.38035
132.77380, 188.04671, 166.07716,  0.38110
131.50969, 188.03758, 165.82878,  0.38184
130.28798, 188.02934, 165.59247,  0.38259
128.96777, 188.02037, 165.33939,  0.38334
127.73875, 188.01170, 165.10107,  0.38407
126.41240, 188.00230, 164.83774,  0.38485
125.17822, 187.99323, 164.58678,  0.38558
123.89421, 187.98341, 164.31926,  0.38634
122.60758, 187.97386, 164.04477,  0.38710
121.36592, 187.96472, 163.77504,  0.38783
120.07350, 187.95555, 163.49045,  0.38860
118.77770, 187.94707, 163.20215,  0.38936
117.47849, 187.93904, 162.91087,  0.39013
116.22397, 187.93118, 162.62807,  0.39087
114.91737, 187.92267, 162.33247,  0.39164
113.60730, 187.91290, 162.03479,  0.39240
112.29371, 187.90366, 161.73538,  0.39318
110.97649, 187.89502, 161.43497,  0.39396
109.65582, 187.88675, 161.13368,  0.39473
108.33187, 187.87811, 160.83160,  0.39552
107.05422, 187.86967, 160.54007,  0.39626
105.72472, 187.86115, 160.23647,  0.39704
104.39228, 187.85289, 159.93262,  0.39783
103.05677, 187.84467, 159.62857,  0.39862
101.71803, 187.83594, 159.32407,  0.39942
100.37653, 187.82686, 159.01898,  0.40021
99.03210, 187.81839, 158.71317,  0.40099
97.68478, 187.81029, 158.40654,  0.40179
96.38457, 187.80255, 158.11040,  0.40257
94.98162, 187.79443, 157.79051,  0.40340
93.62614, 187.78572, 157.48184,  0.40421
92.26918, 187.77725, 157.17279,  0.40500
90.91201, 187.76836, 156.86398,  0.40582
89.55756, 187.76077, 156.55565,  0.40662
88.20834, 187.75395, 156.24815,  0.40742
86.86481, 187.74681, 155.94170,  0.40823
85.48125, 187.73923, 155.62567,  0.40906
84.16813, 187.73141, 155.32539,  0.40984
82.83224, 187.72369, 155.01927,  0.41064
81.61093, 187.71693, 154.73880,  0.41136
80.35107, 187.70985, 154.44875,  0.41212
79.05010, 187.70302, 154.14824,  0.41290
77.80011, 187.69777, 153.85855,  0.41364
76.55907, 187.69269, 153.57030,  0.41439
75.34275, 187.68935, 153.28703,  0.41512
74.16354, 187.68666, 153.01230,  0.41584
73.02548, 187.68677, 152.74710,  0.41652
71.92993, 187.68655, 152.49144,  0.41718
70.87214, 187.68681, 152.24435,  0.41782
69.82825, 187.68796, 151.99983,  0.41847
68.78880, 187.69051, 151.75586,  0.41910
67.75220, 187.69479, 151.51219,  0.41973
66.71864, 187.69949, 151.26903,  0.42037
65.68888, 187.70236, 151.02669,  0.42101
64.66307, 187.70267, 150.78745,  0.42165
63.64042, 187.70110, 150.55789,  0.42230
62.62051, 187.69919, 150.33789,  0.42296
61.60352, 187.69714, 150.12404,  0.42364
60.58974, 187.69537, 149.91458,  0.42432
59.57956, 187.69331, 149.70874,  0.42501
58.57296, 187.69125, 149.50557,  0.42574
57.56944, 187.68930, 149.30844,  0.42645
56.56849, 187.68649, 149.13005,  0.42718
55.57018, 187.68300, 148.98428,  0.42789
54.61095, 187.68007, 148.87871,  0.42860
53.54389, 187.67769, 148.79378,  0.42939
52.55411, 187.67673, 148.73740,  0.43012
51.56827, 187.67671, 148.69826,  0.43084
50.58624, 187.67599, 148.67139,  0.43159
49.60805, 187.67509, 148.65083,  0.43232
48.63390, 187.67441, 148.63303,  0.43304
47.66406, 187.67377, 148.62187,  0.43375
46.69984, 187.67302, 148.62985,  0.43443
45.74118, 187.67244, 148.66029,  0.43508
44.75219, 187.67174, 148.70688,  0.43574
43.80321, 187.67232, 148.76311,  0.43635
42.85987, 187.67142, 148.83411,  0.43697
41.95948, 187.66829, 148.92683,  0.43755
41.03753, 187.66438, 149.05809,  0.43814
40.13428, 187.65913, 149.23160,  0.43874
39.25327, 187.65460, 149.45058,  0.43932
38.39890, 187.64917, 149.71832,  0.43991
37.57367, 187.64468, 150.03297,  0.44049
36.80741, 187.63814, 150.37881,  0.44104
36.04215, 187.63361, 150.77840,  0.44162
35.30975, 187.62904, 151.21703,  0.44218
34.61172, 187.62567, 151.69182,  0.44273
33.95189, 187.62173, 152.20166,  0.44329
33.33075, 187.61890, 152.74170,  0.44384
32.75235, 187.61497, 153.31091,  0.44438
32.21696, 187.61404, 153.90564,  0.44491
31.74529, 187.61363, 154.50185,  0.44540
31.30265, 187.61087, 155.14255,  0.44592
30.92578, 187.60869, 155.77834,  0.44641
30.59817, 187.60663, 156.42886,  0.44690
30.32217, 187.60443, 157.09143,  0.44738
30.08716, 187.60281, 157.78894,  0.44787
29.91332, 187.60182, 158.44188,  0.44833
29.77802, 187.59985, 159.12982,  0.44881
29.68623, 187.59689, 159.82542,  0.44930
29.63816, 187.59467, 160.52625,  0.44978
29.63392, 187.59315, 161.22945,  0.45028
29.67011, 187.59322, 161.90532,  0.45076
29.74889, 187.59103, 162.60599,  0.45126
29.86965, 187.59116, 163.30109,  0.45175
30.03127, 187.59302, 163.98799,  0.45223
30.23453, 187.59435, 164.66426,  0.45272
30.47894, 187.59721, 165.32635,  0.45321
30.76425, 187.60268, 165.97131,  0.45369
31.10178, 187.60953, 166.61919,  0.45419
31.46474, 187.61577, 167.21941,  0.45466
31.86302, 187.62292, 167.79340,  0.45512
32.29430, 187.62939, 168.33923,  0.45558
32.75778, 187.63348, 168.85536,  0.45604
33.27210, 187.63824, 169.35965,  0.45652
33.79757, 187.64046, 169.81696,  0.45698
34.35316, 187.64304, 170.24425,  0.45743
34.93660, 187.64639, 170.64206,  0.45788
35.54422, 187.64955, 171.01054,  0.45833
36.17568, 187.65263, 171.34807,  0.45878
36.85455, 187.65683, 171.66473,  0.45924
37.55405, 187.65979, 171.95033,  0.45971
38.27023, 187.66283, 172.21516,  0.46017
38.99907, 187.66814, 172.46925,  0.46064
39.71230, 187.67249, 172.70764,  0.46110
40.46346, 187.67644, 172.95129,  0.46157
41.19693, 187.67842, 173.18242,  0.46204
41.96762, 187.68146, 173.42084,  0.46254
42.74698, 187.68266, 173.65771,  0.46303
43.50686, 187.68413, 173.87930,  0.46353
44.30593, 187.68549, 174.10362,  0.46404
45.11418, 187.68694, 174.32506,  0.46456
45.90232, 187.68791, 174.52895,  0.46507
46.70016, 187.68910, 174.72386,  0.46559
47.53822, 187.68935, 174.92159,  0.46611
48.38637, 187.68991, 175.11003,  0.46666
49.24534, 187.68953, 175.28128,  0.46721
50.08274, 187.68846, 175.43463,  0.46774
50.96226, 187.68782, 175.58858,  0.46830
51.85197, 187.68748, 175.73875,  0.46886
52.71893, 187.68660, 175.87302,  0.46942
53.63059, 187.68526, 175.99879,  0.47000
54.55318, 187.68436, 176.11800,  0.47059
55.45170, 187.68437, 176.22971,  0.47116
56.39523, 187.68498, 176.34059,  0.47177
57.34944, 187.68527, 176.43933,  0.47238
58.31442, 187.68565, 176.53001,  0.47299
59.25339, 187.68669, 176.61331,  0.47358
60.23847, 187.68843, 176.69597,  0.47420
61.23354, 187.69066, 176.76854,  0.47483
62.20177, 187.69182, 176.83105,  0.47544
63.21644, 187.69418, 176.89233,  0.47606
64.20322, 187.69649, 176.94832,  0.47667
65.19884, 187.69911, 177.00354,  0.47728
66.20351, 187.70284, 177.05927,  0.47790
67.25575, 187.70708, 177.12111,  0.47855
68.27587, 187.71202, 177.19370,  0.47919
69.30308, 187.71802, 177.28044,  0.47982
70.37794, 187.72453, 177.38084,  0.48048
71.42081, 187.73193, 177.48613,  0.48111
72.47168, 187.73940, 177.59732,  0.48175
73.53101, 187.74672, 177.70467,  0.48238
74.59910, 187.75401, 177.80563,  0.48301
75.67605, 187.76170, 177.90250,  0.48364
76.76186, 187.76982, 177.99606,  0.48428
77.85641, 187.77794, 178.08775,  0.48492
78.95927, 187.78551, 178.18178,  0.48558
80.07019, 187.79285, 178.27933,  0.48622
81.18935, 187.80011, 178.38092,  0.48686
82.31625, 187.80775, 178.48729,  0.48751
83.45133, 187.81557, 178.59811,  0.48817
84.59451, 187.82362, 178.71295,  0.48883
85.74590, 187.83092, 178.83087,  0.48949
86.90533, 187.83899, 178.95143,  0.49016
88.07296, 187.84644, 179.07402,  0.49083
89.24895, 187.85516, 179.19733,  0.49150
90.43352, 187.86356, 179.32056,  0.49219
91.62698, 187.87170, 179.44403,  0.49288
92.82875, 187.87953, 179.56816,  0.49358
94.08599, 187.88751, 179.69753,  0.49431
95.30530, 187.89566, 179.82330,  0.49502
96.53342, 187.90411, 179.94710,  0.49574
97.77075, 187.91237, 180.06593,  0.49646
99.06521, 187.92068, 180.18651,  0.49722
100.32080, 187.92931, 180.30058,  0.49796
101.58553, 187.93864, 180.41315,  0.49870
102.85931, 187.94815, 180.52457,  0.49946
104.14217, 187.95764, 180.63583,  0.50022
105.48393, 187.96722, 180.75189,  0.50101
106.78507, 187.97626, 180.86458,  0.50179
108.09509, 187.98499, 180.97858,  0.50255
109.41381, 187.99370, 181.09393,  0.50334
110.74119, 188.00299, 181.21077,  0.50413
112.07729, 188.01222, 181.32932,  0.50492
113.47373, 188.02184, 181.45433,  0.50575
114.82721, 188.03122, 181.57680,  0.50655
116.18889, 188.04103, 181.70184,  0.50735
117.55889, 188.05147, 181.82945,  0.50816
118.99026, 188.06256, 181.96489,  0.50901
120.37691, 188.07327, 182.09830,  0.50982
121.82541, 188.08478, 182.24011,  0.51066
123.22842, 188.09607, 182.37982,  0.51150
124.63941, 188.10699, 182.52283,  0.51233
126.05817, 188.11778, 182.66907,  0.51316
127.48460, 188.12889, 182.81865,  0.51399
129.13979, 188.14238, 182.99553,  0.51497
130.63773, 188.15565, 183.15849,  0.51582
132.14355, 188.16974, 183.32440,  0.51671
133.65703, 188.18422, 183.49292,  0.51759
135.17818, 188.19896, 183.66368,  0.51847
136.76350, 188.21413, 183.84259,  0.51940
138.24284, 188.22801, 184.00883,  0.52025
139.78619, 188.24286, 184.18143,  0.52115
141.33664, 188.25940, 184.35411,  0.52206
142.89421, 188.27797, 184.52563,  0.52297
144.45903, 188.29778, 184.68555,  0.52388
145.97302, 188.31677, 184.82211,  0.52477
147.55266, 188.33653, 184.94917,  0.52570
149.13756, 188.35744, 185.06166,  0.52661
150.72357, 188.38028, 185.16058,  0.52755
152.24812, 188.40398, 185.24911,  0.52843
153.82556, 188.42981, 185.33994,  0.52936
155.33725, 188.45456, 185.42972,  0.53024
156.89880, 188.47966, 185.52766,  0.53118
158.45107, 188.50488, 185.63170,  0.53208
159.97714, 188.53162, 185.74025,  0.53300
161.40643, 188.55847, 185.84633,  0.53387
162.84608, 188.58543, 185.95715,  0.53474
164.24025, 188.61078, 186.06778,  0.53559
165.58981, 188.63527, 186.17822,  0.53644
166.89592, 188.65950, 186.28799,  0.53725
168.16911, 188.68375, 186.39838,  0.53805
169.43219, 188.70692, 186.51108,  0.53885
170.69043, 188.73038, 186.62617,  0.53965
171.94524, 188.75520, 186.74263,  0.54045
173.19637, 188.77914, 186.85748,  0.54125
174.48962, 188.80283, 186.96651,  0.54209
175.73206, 188.82402, 187.05228,  0.54288
176.97034, 188.84550, 187.11937,  0.54368
178.15886, 188.86674, 187.17046,  0.54445
179.38939, 188.88763, 187.21140,  0.54525
180.61571, 188.90807, 187.24260,  0.54603
181.83765, 188.92812, 187.26669,  0.54681
183.05489, 188.94809, 187.28253,  0.54759
184.26640, 188.96967, 187.28084,  0.54836
185.47284, 188.99234, 187.25798,  0.54912
186.67418, 189.01257, 187.21658,  0.54987
187.86771, 189.03238, 187.14786,  0.55061
189.04987, 189.05083, 187.04184,  0.55133
190.21980, 189.06880, 186.89668,  0.55206
191.37726, 189.08846, 186.71410,  0.55278
192.52242, 189.10800, 186.49747,  0.55348
193.65517, 189.12749, 186.25044,  0.55419
194.77652, 189.14493, 185.97850,  0.55488
195.88808, 189.16257, 185.68727,  0.55557
196.98904, 189.17857, 185.37611,  0.55625
198.07713, 189.19261, 185.04063,  0.55692
199.15263, 189.20644, 184.68120,  0.55760
200.21725, 189.21846, 184.30164,  0.55826
201.27313, 189.23099, 183.90669,  0.55892
202.35912, 189.24261, 183.48355,  0.55961
203.43321, 189.25563, 183.04266,  0.56028
204.45352, 189.26842, 182.59415,  0.56093
205.48909, 189.28142, 182.09673,  0.56161
206.46707, 189.29395, 181.58800,  0.56225
207.45784, 189.30681, 181.02800,  0.56292
208.38316, 189.32036, 180.45232,  0.56355
209.30515, 189.33350, 179.81686,  0.56421
210.15443, 189.34584, 179.16708,  0.56484
210.99684, 189.35901, 178.45862,  0.56548
211.74471, 189.36972, 177.76984,  0.56608
212.48903, 189.38187, 177.02484,  0.56670
213.20418, 189.39127, 176.24973,  0.56732
213.88754, 189.40100, 175.44453,  0.56793
214.53918, 189.41074, 174.61145,  0.56855
215.18320, 189.42285, 173.72000,  0.56920
215.78255, 189.43355, 172.83795,  0.56983
216.36705, 189.44427, 171.93675,  0.57046
216.96336, 189.45584, 170.98558,  0.57112
217.50821, 189.46701, 170.08904,  0.57174
218.08176, 189.47665, 169.10675,  0.57241
218.61469, 189.48761, 168.14209,  0.57306
219.12802, 189.49673, 167.16003,  0.57372
219.62692, 189.50572, 166.16199,  0.57439
220.11481, 189.51823, 165.15120,  0.57506
220.59354, 189.53133, 164.12659,  0.57573
221.04858, 189.54538, 163.12898,  0.57639
221.51796, 189.55933, 162.08185,  0.57708
221.98744, 189.57487, 161.02502,  0.57777
222.45473, 189.59097, 159.95749,  0.57848
222.91042, 189.60812, 158.87717,  0.57919
223.33797, 189.62425, 157.82355,  0.57987
223.77516, 189.64151, 156.71776,  0.58059
224.19075, 189.65854, 155.64197,  0.58129
224.61861, 189.67691, 154.51427,  0.58201
225.04321, 189.69572, 153.37624,  0.58274
225.44183, 189.71376, 152.26868,  0.58345
225.82664, 189.73212, 151.14899,  0.58416
226.21648, 189.75104, 149.97420,  0.58490
226.58524, 189.77058, 148.83226,  0.58562
226.96251, 189.79225, 147.63516,  0.58637
227.32202, 189.81158, 146.47263,  0.58709
227.69409, 189.83406, 145.25615,  0.58784
228.05280, 189.85571, 144.07555,  0.58857
228.41333, 189.87894, 142.88707,  0.58928
228.79036, 189.90353, 141.64423,  0.59005
229.15622, 189.92833, 140.43951,  0.59077
229.52492, 189.95306, 139.22662,  0.59150
229.89674, 189.97862, 138.00633,  0.59224
230.27174, 190.00505, 136.77792,  0.59294
230.65009, 190.03151, 135.54163,  0.59370
231.04666, 190.05876, 134.24985,  0.59446
231.43275, 190.08604, 133.00159,  0.59520
231.84247, 190.11516, 131.70772,  0.59596
232.24973, 190.14323, 130.46764,  0.59668
232.66844, 190.17000, 129.23357,  0.59740
233.09856, 190.19669, 128.00560,  0.59811
233.55719, 190.22537, 126.73705,  0.59886
234.02748, 190.25500, 125.47451,  0.59960
234.49226, 190.28384, 124.26470,  0.60030
234.99097, 190.31335, 123.01675,  0.60103
235.48981, 190.34186, 121.82486,  0.60174
236.02986, 190.37233, 120.59950,  0.60246
236.61623, 190.40532, 119.34390,  0.60321
237.20674, 190.43811, 118.14802,  0.60393
237.79655, 190.47025, 117.00928,  0.60462
238.42886, 190.50401, 115.83908,  0.60534
239.05453, 190.53656, 114.72229,  0.60601
239.69611, 190.56909, 113.61447,  0.60670
240.35735, 190.60123, 112.51886,  0.60738
241.03911, 190.63306, 111.43633,  0.60806
241.73795, 190.66560, 110.36443,  0.60873
242.45241, 190.69870, 109.30226,  0.60941
243.18179, 190.73143, 108.24979,  0.61009
243.95456, 190.76497, 107.16705,  0.61079
244.71480, 190.79617, 106.13582,  0.61146
245.49544, 190.82622, 105.12122,  0.61212
246.29974, 190.85503, 104.12718,  0.61279
247.12726, 190.88371, 103.15344,  0.61346
248.00995, 190.91406, 102.16348,  0.61415
248.91592, 190.94508, 101.19562,  0.61484
249.80882, 190.97519, 100.28352,  0.61552
250.71957, 191.00543, 99.38895,  0.61620
251.64647, 191.03624, 98.51036,  0.61689
252.59006, 191.06660, 97.64887,  0.61756
253.55141, 191.09523, 96.80667,  0.61824
254.56778, 191.12285, 95.95177,  0.61894
255.56268, 191.14818, 95.14634,  0.61960
256.57397, 191.17360, 94.36012,  0.62028
257.60333, 191.19882, 93.59737,  0.62096
258.65182, 191.22420, 92.86121,  0.62164
259.76132, 191.24994, 92.12685,  0.62233
260.84885, 191.27516, 91.45172,  0.62301
261.95581, 191.30092, 90.80947,  0.62368
263.12402, 191.32730, 90.17564,  0.62439
264.31216, 191.35257, 89.57468,  0.62511
265.47424, 191.37245, 89.02652,  0.62582
266.70032, 191.38943, 88.48940,  0.62654
267.89725, 191.40057, 87.99971,  0.62724
269.10889, 191.41054, 87.53479,  0.62794
270.38071, 191.42184, 87.07436,  0.62866
271.61847, 191.43617, 86.65133,  0.62934
272.86914, 191.45049, 86.24792,  0.63002
274.18103, 191.46706, 85.84783,  0.63074
275.45657, 191.48444, 85.47775,  0.63146
276.74387, 191.50208, 85.12434,  0.63217
278.04276, 191.51920, 84.79096,  0.63290
279.35269, 191.53592, 84.47519,  0.63364
280.67328, 191.55269, 84.17525,  0.63439
282.00430, 191.56882, 83.89446,  0.63514
283.29419, 191.58282, 83.64584,  0.63586
284.64560, 191.59499, 83.40689,  0.63663
286.00659, 191.60628, 83.18609,  0.63738
287.37701, 191.61742, 82.98502,  0.63816
288.75635, 191.62865, 82.80378,  0.63893
290.14441, 191.64073, 82.63979,  0.63969
291.54099, 191.65408, 82.49014,  0.64047
292.89148, 191.66800, 82.35729,  0.64122
294.30365, 191.68335, 82.22845,  0.64202
295.72339, 191.69913, 82.10835,  0.64281
297.15009, 191.71527, 82.00269,  0.64361
298.58386, 191.73111, 81.91351,  0.64442
300.02448, 191.74730, 81.83825,  0.64523
301.47189, 191.76379, 81.77652,  0.64604
302.92587, 191.78062, 81.72787,  0.64687
304.38635, 191.79723, 81.69038,  0.64769
305.85303, 191.81396, 81.66192,  0.64852
307.26913, 191.82974, 81.64048,  0.64932
308.74780, 191.84604, 81.62072,  0.65016
310.23245, 191.86235, 81.60174,  0.65101
311.78043, 191.87956, 81.58223,  0.65189
313.27692, 191.89612, 81.56293,  0.65275
314.72125, 191.91174, 81.54309,  0.65357
316.22891, 191.92770, 81.52119,  0.65444
317.74219, 191.94359, 81.49847,  0.65531
319.26111, 191.95921, 81.47530,  0.65618
320.78552, 191.97476, 81.45183,  0.65706
322.25644, 191.99031, 81.42829,  0.65791
323.79169, 192.00681, 81.40203,  0.65880
325.27316, 192.02234, 81.37566,  0.65965
326.75964, 192.03737, 81.34801,  0.66051
328.31018, 192.05273, 81.31190,  0.66141
329.86469, 192.06824, 81.26124,  0.66231
331.42371, 192.08411, 81.19834,  0.66322
332.92700, 192.10014, 81.12748,  0.66409
334.49512, 192.11711, 81.04355,  0.66500
336.00729, 192.13316, 80.95563,  0.66588
337.58487, 192.14957, 80.86146,  0.66680
339.16769, 192.16621, 80.76909,  0.66772
340.69464, 192.18245, 80.68439,  0.66860
342.28790, 192.19936, 80.60292,  0.66953
343.82486, 192.21541, 80.53434,  0.67043
345.36664, 192.23138, 80.47612,  0.67132
346.97516, 192.24794, 80.42634,  0.67226
348.52652, 192.26450, 80.38846,  0.67316
350.08261, 192.28249, 80.35961,  0.67406
351.70618, 192.30095, 80.33786,  0.67501
353.26590, 192.31953, 80.32397,  0.67591
354.82230, 192.33899, 80.31590,  0.67682
356.37485, 192.35695, 80.31216,  0.67772
357.98553, 192.37407, 80.31136,  0.67866
359.59235, 192.39124, 80.31272,  0.67959
361.14496, 192.40669, 80.31566,  0.68049
362.70547, 192.42310, 80.31963,  0.68140
364.33353, 192.44298, 80.32442,  0.68235
365.90314, 192.46358, 80.32964,  0.68326
367.47650, 192.48405, 80.33552,  0.68418
369.11652, 192.50414, 80.33939,  0.68513
370.69611, 192.52283, 80.33197,  0.68605
372.27878, 192.54210, 80.31364,  0.68697
373.92847, 192.56229, 80.28487,  0.68793
375.51801, 192.58223, 80.24834,  0.68885
377.11096, 192.60332, 80.20421,  0.68978
378.70743, 192.62482, 80.15522,  0.69071
380.30750, 192.64656, 80.10444,  0.69164
381.97546, 192.66908, 80.05254,  0.69261
383.58307, 192.69052, 80.00532,  0.69354
385.25882, 192.71310, 79.95996,  0.69452
386.93857, 192.73570, 79.91860,  0.69549
388.55746, 192.75706, 79.88213,  0.69643
390.24487, 192.78001, 79.84727,  0.69741
391.87100, 192.80299, 79.81590,  0.69836
393.56598, 192.82719, 79.78489,  0.69935
395.19937, 192.85062, 79.75648,  0.70029
396.90213, 192.87460, 79.72819,  0.70128
398.60846, 192.89778, 79.70092,  0.70228
400.25278, 192.92078, 79.67577,  0.70324
401.96652, 192.94527, 79.65102,  0.70423
403.68427, 192.96916, 79.62733,  0.70523
405.33948, 192.99133, 79.60549,  0.70619
407.06436, 193.01628, 79.58401,  0.70719
408.79306, 193.04306, 79.56345,  0.70820
410.52563, 193.06963, 79.54377,  0.70921
412.26202, 193.09554, 79.52509,  0.71022
413.93521, 193.12001, 79.50806,  0.71119
415.67868, 193.14523, 79.48679,  0.71220
417.42557, 193.17036, 79.45929,  0.71322
419.17599, 193.19589, 79.42734,  0.71424
420.93002, 193.22241, 79.39093,  0.71526
422.68753, 193.25061, 79.35075,  0.71628
424.51639, 193.28212, 79.30646,  0.71734
426.28128, 193.31331, 79.26269,  0.71837
428.04987, 193.34456, 79.21907,  0.71940
429.82202, 193.37613, 79.17559,  0.72043
431.66470, 193.40915, 79.12375,  0.72150
433.43814, 193.44107, 79.06644,  0.72253
435.20795, 193.47302, 79.00332,  0.72356
437.04013, 193.50557, 78.93168,  0.72463
438.79858, 193.53665, 78.85841,  0.72565
440.55106, 193.56757, 78.79045,  0.72667
442.36499, 193.59949, 78.73255,  0.72772
444.17328, 193.63168, 78.68676,  0.72877
445.97607, 193.66328, 78.65393,  0.72982
447.77301, 193.69400, 78.62911,  0.73087
449.56384, 193.72455, 78.60421,  0.73191
451.34906, 193.75645, 78.57962,  0.73294
453.12894, 193.78947, 78.55294,  0.73398
455.16568, 193.82645, 78.51832,  0.73516
456.93347, 193.85762, 78.48537,  0.73619
458.69531, 193.88855, 78.45213,  0.73721
460.45074, 193.91937, 78.41850,  0.73823
462.19846, 193.95020, 78.37533,  0.73925
463.87439, 193.97995, 78.32135,  0.74022
465.60751, 194.01035, 78.25451,  0.74122
467.26932, 194.04091, 78.18020,  0.74218
468.98331, 194.07428, 78.09367,  0.74318
470.60022, 194.10699, 78.00537,  0.74411
472.18451, 194.13770, 77.91467,  0.74503
473.75726, 194.16602, 77.82235,  0.74594
475.32394, 194.19400, 77.73044,  0.74684
476.88617, 194.22293, 77.64281,  0.74774
478.44376, 194.25345, 77.56233,  0.74864
479.98468, 194.28439, 77.48977,  0.74952
481.48727, 194.31540, 77.42602,  0.75039
482.95627, 194.34479, 77.37073,  0.75123
484.41449, 194.36957, 77.32379,  0.75207
485.86713, 194.39453, 77.28596,  0.75290
487.31601, 194.42239, 77.25670,  0.75373
488.76062, 194.45248, 77.23449,  0.75456
490.20004, 194.48329, 77.22005,  0.75537
491.63327, 194.51480, 77.22002,  0.75619
493.00583, 194.54453, 77.23286,  0.75697
494.42734, 194.57629, 77.25816,  0.75777
495.84311, 194.60825, 77.29434,  0.75857
497.25272, 194.64108, 77.34122,  0.75937
498.65622, 194.67551, 77.39816,  0.76015
500.05396, 194.71063, 77.46564,  0.76095
501.44412, 194.74519, 77.55005,  0.76173
502.77426, 194.77899, 77.64610,  0.76248
504.15079, 194.81529, 77.75842,  0.76324
505.52087, 194.85213, 77.88160,  0.76401
506.83215, 194.88675, 78.00868,  0.76474
508.18948, 194.92299, 78.14909,  0.76549
509.48703, 194.95822, 78.29790,  0.76621
510.77423, 194.99255, 78.47016,  0.76691
512.05090, 195.02721, 78.66859,  0.76762
513.31781, 195.06200, 78.88937,  0.76832
514.57422, 195.09618, 79.13273,  0.76901
515.81927, 195.12975, 79.40105,  0.76970
517.05219, 195.16164, 79.69423,  0.77039
518.27264, 195.19290, 80.01134,  0.77107
519.52863, 195.22478, 80.36626,  0.77177
520.72180, 195.25328, 80.73316,  0.77244
521.90234, 195.28049, 81.12157,  0.77310
523.11853, 195.30646, 81.54323,  0.77379
524.23114, 195.32970, 81.94583,  0.77442
525.42566, 195.35434, 82.39600,  0.77510
526.56335, 195.37854, 82.84261,  0.77575
527.64716, 195.40236, 83.28093,  0.77638
528.76880, 195.42749, 83.74409,  0.77702
529.83875, 195.45090, 84.19469,  0.77763
530.98718, 195.47583, 84.69420,  0.77829
532.03864, 195.49831, 85.16414,  0.77889
533.12579, 195.52348, 85.66080,  0.77952
534.20544, 195.54865, 86.16377,  0.78015
535.23486, 195.57518, 86.65368,  0.78073
536.30042, 195.60188, 87.17027,  0.78133
537.35785, 195.63080, 87.69415,  0.78194
538.40259, 195.65968, 88.23297,  0.78254
539.38739, 195.68628, 88.77180,  0.78313
540.35370, 195.71136, 89.33317,  0.78369
541.38257, 195.73810, 89.96463,  0.78430
542.31451, 195.76305, 90.57214,  0.78486
543.22839, 195.78651, 91.20251,  0.78542
544.12366, 195.81122, 91.85089,  0.78598
545.03821, 195.83669, 92.54062,  0.78657
545.90106, 195.86066, 93.21363,  0.78712
546.75153, 195.88205, 93.89364,  0.78767
547.58466, 195.90344, 94.58403,  0.78823
548.42950, 195.92525, 95.31863,  0.78880
549.22009, 195.94705, 96.03810,  0.78933
549.99408, 195.96817, 96.76827,  0.78988
550.74731, 195.98915, 97.51090,  0.79042
551.47577, 196.00476, 98.26963,  0.79096
552.18268, 196.01910, 99.04438,  0.79149
552.87360, 196.02940, 99.83284,  0.79203
553.54803, 196.03807, 100.63634,  0.79257
554.20117, 196.04207, 101.45750,  0.79311
554.83246, 196.04173, 102.29576,  0.79366
555.44653, 196.03955, 103.14871,  0.79420
556.04681, 196.03745, 104.01340,  0.79473
556.63617, 196.03700, 104.88832,  0.79527
557.21704, 196.03590, 105.77345,  0.79580
557.78802, 196.03491, 106.66856,  0.79631
558.34222, 196.03246, 107.57677,  0.79684
558.87360, 196.03011, 108.49969,  0.79738
559.37720, 196.02727, 109.43956,  0.79792
559.85516, 196.02429, 110.39458,  0.79845
560.30994, 196.02174, 111.36406,  0.79900
560.74402, 196.02057, 112.34612,  0.79953
561.17780, 196.01781, 113.38110,  0.80011
561.59711, 196.01518, 114.42609,  0.80068
561.99042, 196.01157, 115.43697,  0.80121
562.39429, 196.00635, 116.49616,  0.80178
562.79340, 196.00429, 117.56097,  0.80235
563.17407, 196.00096, 118.58849,  0.80290
563.55225, 195.99931, 119.62064,  0.80345
563.92780, 195.99826, 120.65794,  0.80402
564.29877, 195.99878, 121.70052,  0.80459
564.67206, 195.99911, 122.79410,  0.80517
565.00739, 195.99844, 123.85314,  0.80575
565.32904, 195.99562, 124.96714,  0.80634
565.61462, 195.99203, 126.04598,  0.80693
565.87958, 195.98819, 127.13337,  0.80751
566.13458, 195.98434, 128.27454,  0.80810
566.35730, 195.97919, 129.37804,  0.80868
566.55994, 195.97154, 130.53462,  0.80926
566.72205, 195.96217, 131.65129,  0.80985
566.85529, 195.95255, 132.77429,  0.81040
566.96820, 195.94356, 133.95027,  0.81100
567.05377, 195.93680, 135.08461,  0.81157
567.11951, 195.93100, 136.22406,  0.81215
567.17053, 195.92535, 137.41586,  0.81275
567.20551, 195.92076, 138.61179,  0.81335
567.22180, 195.91911, 139.76372,  0.81392
567.21796, 195.91699, 140.96724,  0.81453
567.19720, 195.91544, 142.12628,  0.81512
567.16028, 195.91420, 143.33736,  0.81576
567.11096, 195.91344, 144.50357,  0.81634
567.04083, 195.91190, 145.72098,  0.81698
566.94757, 195.90817, 146.88986,  0.81758
566.81482, 195.90132, 148.10446,  0.81820
566.65063, 195.89209, 149.26695,  0.81881
566.44409, 195.87984, 150.47478,  0.81945
566.20349, 195.86667, 151.67932,  0.82008
565.92999, 195.85205, 152.88043,  0.82071
565.62634, 195.83499, 154.07819,  0.82137
565.31079, 195.81667, 155.22581,  0.82197
564.96167, 195.79724, 156.42009,  0.82262
564.59625, 195.77859, 157.61470,  0.82326
564.21802, 195.76129, 158.81046,  0.82392
563.82556, 195.74474, 160.00659,  0.82459
563.41003, 195.72797, 161.19803,  0.82522
562.96460, 195.71037, 162.38135,  0.82587
562.48999, 195.69255, 163.55692,  0.82655
561.98914, 195.67584, 164.72577,  0.82719
561.44110, 195.66000, 165.93425,  0.82788
560.84485, 195.64406, 167.18178,  0.82861
560.19537, 195.62671, 168.46526,  0.82937
559.55878, 195.60866, 169.64209,  0.83007
558.86285, 195.58708, 170.84834,  0.83081
558.13623, 195.56300, 172.04182,  0.83155
557.38135, 195.53746, 173.22350,  0.83231
556.60065, 195.51048, 174.39444,  0.83305
555.79749, 195.48181, 175.55692,  0.83380
554.97632, 195.45213, 176.71376,  0.83456
554.13855, 195.42256, 177.86575,  0.83532
553.27893, 195.39169, 179.00726,  0.83608
552.39648, 195.35927, 180.13776,  0.83685
551.46021, 195.32420, 181.30148,  0.83765
550.53809, 195.28957, 182.41570,  0.83843
549.56305, 195.25302, 183.56387,  0.83925
548.60651, 195.21709, 184.66565,  0.84004
547.63593, 195.18054, 185.76350,  0.84084
546.72241, 195.14548, 186.77339,  0.84157
545.75098, 195.10812, 187.80798,  0.84234
544.75690, 195.07121, 188.82362,  0.84312
543.78351, 195.03732, 189.78404,  0.84386
542.75519, 195.00330, 190.76608,  0.84462
541.71234, 194.96942, 191.73111,  0.84540
540.61462, 194.93359, 192.71431,  0.84620
539.53979, 194.89845, 193.63574,  0.84697
538.44489, 194.86209, 194.52670,  0.84775
537.28784, 194.82448, 195.42198,  0.84854
536.15704, 194.78894, 196.25836,  0.84932
534.96643, 194.75218, 197.10083,  0.85011
533.80566, 194.71570, 197.88870,  0.85090
532.58563, 194.67690, 198.68347,  0.85170
531.39362, 194.63861, 199.42152,  0.85248
530.13580, 194.59790, 200.15349,  0.85328
528.90601, 194.55789, 200.82611,  0.85405
527.61243, 194.51697, 201.49458,  0.85487
526.35260, 194.47821, 202.11009,  0.85564
525.03113, 194.43735, 202.72156,  0.85646
523.69781, 194.39514, 203.30843,  0.85726
522.40491, 194.35188, 203.85526,  0.85805
521.05408, 194.30652, 204.40628,  0.85885
519.74469, 194.26346, 204.91655,  0.85964
518.37506, 194.21916, 205.42302,  0.86046
517.04773, 194.17732, 205.89171,  0.86124
515.66156, 194.13551, 206.36021,  0.86206
514.31934, 194.09669, 206.79494,  0.86285
512.91882, 194.05731, 207.23145,  0.86367
511.56436, 194.02058, 207.64006,  0.86447
510.20462, 193.98486, 208.03975,  0.86527
508.84000, 193.95038, 208.43150,  0.86607
507.41626, 193.91542, 208.82393,  0.86690
506.03885, 193.88174, 209.18303,  0.86772
504.60413, 193.84749, 209.53926,  0.86855
503.22089, 193.81519, 209.86685,  0.86936
501.83698, 193.78268, 210.17996,  0.87016
500.39832, 193.74724, 210.49171,  0.87101
499.01080, 193.71243, 210.78149,  0.87182
497.62103, 193.67776, 211.06285,  0.87263
496.17566, 193.64131, 211.34737,  0.87347
494.78183, 193.60516, 211.61130,  0.87429
493.33188, 193.56718, 211.87361,  0.87513
491.87946, 193.52853, 212.12500,  0.87599
490.47897, 193.49112, 212.35716,  0.87680
489.07669, 193.45441, 212.57945,  0.87762
487.61850, 193.41676, 212.80006,  0.87847
486.15793, 193.37910, 213.00612,  0.87932
484.74872, 193.34308, 213.18773,  0.88014
483.28232, 193.30696, 213.36104,  0.88099
481.86728, 193.27336, 213.51408,  0.88181
480.39499, 193.23936, 213.65938,  0.88267
478.97437, 193.20718, 213.78717,  0.88349
477.49606, 193.17441, 213.90910,  0.88435
476.01407, 193.14149, 214.02177,  0.88521
474.58273, 193.10986, 214.12306,  0.88604
473.09140, 193.07713, 214.22156,  0.88690
471.59525, 193.04460, 214.31453,  0.88777
470.09476, 193.01244, 214.40242,  0.88864
468.64673, 192.98164, 214.48296,  0.88948
467.14069, 192.94987, 214.56311,  0.89036
465.63327, 192.91818, 214.64079,  0.89123
463.84549, 192.88123, 214.73012,  0.89227
462.33615, 192.85010, 214.80391,  0.89315
460.88147, 192.82034, 214.87396,  0.89400
459.36880, 192.78972, 214.94568,  0.89488
457.85233, 192.75966, 215.01674,  0.89576
456.38724, 192.73122, 215.08437,  0.89661
454.86072, 192.70218, 215.15395,  0.89750
453.32950, 192.67400, 215.22263,  0.89839
451.79431, 192.64679, 215.29030,  0.89928
450.25552, 192.61998, 215.35681,  0.90017
448.71323, 192.59261, 215.42223,  0.90107
447.16785, 192.56459, 215.48645,  0.90197
445.56354, 192.53563, 215.55173,  0.90291
444.01639, 192.50781, 215.61331,  0.90381
442.46851, 192.47923, 215.67253,  0.90471
440.91806, 192.44997, 215.72716,  0.90561
439.36435, 192.42097, 215.77632,  0.90651
437.80795, 192.39279, 215.81967,  0.90742
436.25009, 192.36549, 215.85655,  0.90832
434.69122, 192.33928, 215.88542,  0.90923
433.18939, 192.31427, 215.90405,  0.91010
431.57144, 192.28746, 215.91406,  0.91104
430.01089, 192.26308, 215.91420,  0.91195
428.39224, 192.23979, 215.90446,  0.91289
426.89005, 192.21921, 215.88788,  0.91376
425.33218, 192.19896, 215.86465,  0.91467
423.71960, 192.17822, 215.83586,  0.91561
422.16815, 192.15779, 215.80507,  0.91651
420.62036, 192.13873, 215.77303,  0.91741
419.07639, 192.12085, 215.74847,  0.91830
417.53574, 192.10362, 215.73198,  0.91920
415.99829, 192.08681, 215.72134,  0.92009
414.46402, 192.07043, 215.71573,  0.92098
412.93286, 192.05452, 215.71364,  0.92188
411.40488, 192.03946, 215.71298,  0.92276
409.87964, 192.02586, 215.71161,  0.92365
408.35675, 192.01276, 215.70830,  0.92454
406.89252, 192.00000, 215.70399,  0.92539
405.37421, 191.98680, 215.69922,  0.92627
403.91422, 191.97371, 215.69408,  0.92712
402.40021, 191.96014, 215.68840,  0.92800
400.94437, 191.94754, 215.68285,  0.92885
399.43405, 191.93510, 215.67838,  0.92973
397.97974, 191.92361, 215.67732,  0.93057
396.46753, 191.91179, 215.67819,  0.93145
394.95093, 191.89980, 215.68065,  0.93233
393.42792, 191.88744, 215.68439,  0.93322
391.89700, 191.87535, 215.68884,  0.93411
390.41479, 191.86389, 215.69321,  0.93497
388.86734, 191.85219, 215.69730,  0.93587
387.31180, 191.84035, 215.70059,  0.93677
385.80643, 191.82864, 215.70261,  0.93765
384.23569, 191.81725, 215.70357,  0.93856
382.65704, 191.80658, 215.70337,  0.93948
381.07056, 191.79608, 215.70224,  0.94040
379.47610, 191.78551, 215.70012,  0.94133
377.87390, 191.77464, 215.69684,  0.94226
376.32367, 191.76393, 215.69247,  0.94316
374.70633, 191.75259, 215.68681,  0.94410
373.02100, 191.74063, 215.67976,  0.94508
371.32755, 191.72870, 215.67123,  0.94606
369.68701, 191.71736, 215.66168,  0.94702
367.97787, 191.70613, 215.65051,  0.94801
366.26077, 191.69528, 215.63821,  0.94901
364.59763, 191.68466, 215.62561,  0.94998
362.86526, 191.67351, 215.61183,  0.95098
361.12521, 191.66197, 215.59772,  0.95200
359.44019, 191.65083, 215.58429,  0.95298
357.69116, 191.64047, 215.57050,  0.95399
355.94540, 191.63031, 215.55655,  0.95501
354.32770, 191.62007, 215.54353,  0.95595
352.65115, 191.60901, 215.53209,  0.95692
350.97760, 191.59778, 215.52769,  0.95790
349.29276, 191.58409, 215.52789,  0.95888
347.66156, 191.57224, 215.53291,  0.95982
345.96136, 191.56236, 215.54329,  0.96081
344.25568, 191.55289, 215.55792,  0.96180
342.48138, 191.54262, 215.57495,  0.96282
340.76538, 191.53162, 215.58807,  0.96383
339.04431, 191.52023, 215.59569,  0.96483
337.31805, 191.50957, 215.59668,  0.96583
335.58670, 191.49957, 215.59035,  0.96684
333.85028, 191.48985, 215.57915,  0.96785
332.10883, 191.47993, 215.56970,  0.96886
330.36212, 191.46964, 215.56213,  0.96988
328.61029, 191.45894, 215.55725,  0.97090
326.85339, 191.44844, 215.55580,  0.97192
325.09140, 191.43840, 215.55777,  0.97294
323.32428, 191.42854, 215.56212,  0.97397
321.55209, 191.41890, 215.56783,  0.97500
319.77499, 191.40977, 215.57373,  0.97603
317.99567, 191.40129, 215.57901,  0.97707
316.21735, 191.39330, 215.58348,  0.97810
314.37643, 191.38445, 215.58961,  0.97917
312.60565, 191.37579, 215.59709,  0.98020
310.90445, 191.36783, 215.60539,  0.98119
309.14154, 191.35931, 215.61517,  0.98222
307.38028, 191.35016, 215.62610,  0.98324
305.61554, 191.34029, 215.63748,  0.98427
303.91132, 191.33128, 215.64825,  0.98526
302.13614, 191.32265, 215.65918,  0.98629
300.35577, 191.31421, 215.66948,  0.98732
298.57028, 191.30603, 215.67882,  0.98836
296.77979, 191.29745, 215.68713,  0.98940
294.98425, 191.28828, 215.69423,  0.99045
293.25058, 191.27946, 215.69997,  0.99146
291.44519, 191.27063, 215.70471,  0.99251
289.63470, 191.26170, 215.70830,  0.99356
287.81924, 191.25339, 215.71056,  0.99462
285.99866, 191.24522, 215.71167,  0.99568
284.10532, 191.23634, 215.71294,  0.99677
282.27438, 191.22729, 215.71422,  0.99784
280.37021, 191.21666, 215.71555,  0.99894
