-242.82558, 19.31446, -624.23572,  0.00041
-244.96715, 19.38625, -627.40912,  0.00096
-247.13472, 19.45299, -630.50293,  0.00150
-249.43092, 19.51627, -633.60248,  0.00206
-251.77121, 19.57402, -636.60596,  0.00261
-254.19855, 19.63594, -639.64655,  0.00316
-256.56833, 19.70163, -642.66943,  0.00371
-258.90936, 19.76891, -645.73602,  0.00427
-261.21841, 19.83444, -648.84698,  0.00483
-263.50308, 19.90046, -651.99640,  0.00517
-265.77420, 19.96867, -655.17682,  0.00605
-268.03070, 20.04387, -658.38751,  0.00651
-270.27917, 20.12125, -661.62421,  0.00708
-272.52548, 20.19965, -664.88306,  0.00765
-274.73776, 20.27231, -668.10260,  0.00821
-276.95770, 20.34829, -671.33630,  0.00878
-279.18747, 20.41843, -674.58405,  0.00935
-281.38800, 20.48530, -677.78699,  0.00990
-283.59875, 20.55782, -681.00165,  0.01047
-285.81879, 20.63377, -684.22919,  0.01103
-287.99939, 20.70821, -687.41681,  0.01159
-290.21738, 20.78545, -690.68207,  0.01215
-292.43478, 20.86297, -693.96631,  0.01273
-294.61557, 20.93496, -697.20789,  0.01329
-296.83591, 21.01084, -700.52618,  0.01386
-298.98288, 21.08771, -703.82184,  0.01443
-301.09500, 21.16788, -707.15582,  0.01500
-303.21710, 21.24592, -710.49738,  0.01557
-305.39209, 21.33106, -713.81848,  0.01614
-307.61053, 21.41768, -717.12555,  0.01671
-309.79761, 21.49592, -720.38251,  0.01728
-312.01178, 21.57139, -723.72473,  0.01786
-314.17169, 21.65184, -727.03082,  0.01842
-316.36792, 21.72034, -730.41754,  0.01900
-318.56619, 21.79832, -733.81781,  0.01959
-320.85031, 21.87967, -737.35602,  0.02019
-323.02017, 21.96375, -740.71814,  0.02077
-325.15668, 22.05389, -744.02783,  0.02134
-327.25995, 22.13944, -747.28448,  0.02190
-329.41077, 22.20884, -750.61359,  0.02247
-331.52823, 22.28744, -753.88751,  0.02303
-333.69922, 22.37126, -757.22986,  0.02360
-335.88828, 22.45028, -760.57434,  0.02418
-338.05020, 22.54231, -763.85699,  0.02474
-340.26807, 22.63525, -767.20740,  0.02532
-342.45245, 22.71693, -770.50153,  0.02589
-344.64255, 22.79601, -773.80432,  0.02646
-346.87946, 22.87727, -777.17999,  0.02705
-349.07816, 22.96657, -780.50146,  0.02762
-351.36642, 23.05426, -783.96069,  0.02822
-353.61719, 23.13633, -787.36493,  0.02881
-355.87244, 23.22331, -790.77802,  0.02940
-358.13287, 23.30896, -794.20038,  0.02999
-360.48373, 23.39448, -797.76172,  0.03060
-362.75345, 23.47597, -801.20258,  0.03120
-365.07059, 23.56597, -804.71716,  0.03180
-367.39236, 23.65387, -808.24133,  0.03241
-369.67532, 23.73882, -811.70905,  0.03301
-372.00583, 23.82817, -815.25073,  0.03362
-374.34100, 23.91505, -818.80151,  0.03423
-376.63773, 23.99283, -822.29559,  0.03483
-378.98102, 24.07016, -825.86450,  0.03545
-381.28406, 24.16429, -829.37506,  0.03605
-383.63425, 24.26356, -832.96075,  0.03667
-385.94354, 24.36466, -836.48712,  0.03728
-388.25552, 24.47072, -840.02130,  0.03788
-390.56815, 24.58311, -843.56281,  0.03849
-392.87454, 24.71352, -847.11499,  0.03910
-395.17398, 24.85711, -850.67810,  0.03972
-397.51205, 25.00236, -854.31824,  0.04034
-399.80338, 25.14802, -857.89880,  0.04095
-402.09238, 25.30393, -861.48511,  0.04156
-404.37994, 25.46671, -865.07709,  0.04218
-406.71002, 25.63997, -868.74097,  0.04280
-408.99509, 25.81807, -872.34167,  0.04341
-411.27789, 26.00147, -875.94666,  0.04403
-413.60220, 26.19407, -879.62323,  0.04466
-415.92480, 26.38590, -883.30389,  0.04528
-418.24545, 26.57679, -886.98889,  0.04591
-420.56357, 26.76534, -890.67749,  0.04654
-422.83490, 26.96483, -894.30121,  0.04716
-425.14200, 27.17560, -897.99036,  0.04778
-427.37231, 27.37453, -901.57037,  0.04839
-429.49005, 27.54975, -904.98370,  0.04897
-431.50024, 27.71136, -908.23315,  0.04952
-433.40628, 27.86210, -911.32190,  0.05005
-435.24057, 27.99886, -914.30249,  0.05055
-436.93729, 28.12057, -917.06842,  0.05102
-438.53229, 28.23141, -919.67432,  0.05146
-440.04755, 28.33970, -922.16583,  0.05188
-441.43491, 28.43600, -924.56165,  0.05227
-442.61807, 28.51890, -926.74213,  0.05262
-443.68155, 28.58423, -928.84796,  0.05295
-444.55545, 28.63213, -930.83258,  0.05325
-445.21121, 28.66102, -932.76886,  0.05353
-445.65094, 28.67758, -934.76202,  0.05380
-445.87195, 28.68237, -936.75562,  0.05407
-445.91672, 28.67566, -938.78394,  0.05434
-445.84326, 28.66175, -940.80719,  0.05461
-445.65915, 28.63987, -942.86334,  0.05487
-445.34644, 28.60548, -944.96844,  0.05515
-444.86459, 28.55054, -947.00635,  0.05542
-444.16104, 28.47995, -949.01660,  0.05569
-443.22510, 28.40120, -950.91479,  0.05596
-442.04251, 28.31383, -952.70209,  0.05623
-440.66168, 28.22766, -954.33777,  0.05650
-439.12949, 28.15668, -955.84814,  0.05677
-437.53873, 28.11115, -957.26715,  0.05704
-435.86771, 28.09623, -958.60468,  0.05732
-434.09305, 28.09653, -959.81250,  0.05759
-432.24982, 28.09218, -960.80371,  0.05785
-430.31924, 28.07907, -961.56683,  0.05813
-428.35394, 28.05833, -962.11060,  0.05839
-426.25699, 28.02286, -962.50403,  0.05867
-424.11383, 27.96764, -962.79785,  0.05896
-421.93246, 27.90325, -963.06714,  0.05926
-419.67255, 27.83395, -963.31024,  0.05957
-417.37079, 27.76279, -963.49622,  0.05989
-415.02682, 27.69146, -963.62000,  0.06021
-412.64172, 27.61143, -963.62976,  0.06054
-410.27393, 27.51789, -963.46313,  0.06087
-407.84113, 27.40884, -963.12341,  0.06121
-405.38181, 27.29167, -962.65033,  0.06156
-402.84189, 27.16449, -962.07892,  0.06193
-400.31210, 27.02677, -961.43427,  0.06230
-397.75064, 26.88508, -960.70703,  0.06267
-395.16711, 26.73350, -959.87451,  0.06305
-392.50735, 26.57232, -958.94830,  0.06345
-389.86075, 26.41643, -957.99170,  0.06386
-387.13278, 26.24842, -956.98969,  0.06427
-384.32520, 26.05865, -955.93195,  0.06470
-381.53235, 25.87463, -954.85876,  0.06513
-378.71280, 25.69562, -953.70758,  0.06557
-375.82239, 25.50709, -952.46436,  0.06602
-373.01590, 25.31725, -951.20343,  0.06646
-370.16559, 25.12889, -949.86572,  0.06692
-367.43463, 24.93703, -948.54065,  0.06736
-364.64917, 24.74434, -947.16022,  0.06780
-361.82321, 24.54922, -945.73370,  0.06826
-359.01886, 24.36020, -944.30334,  0.06871
-356.23734, 24.16838, -942.87714,  0.06916
-353.37320, 23.97521, -941.40741,  0.06963
-350.47601, 23.78975, -939.92444,  0.07009
-347.55099, 23.58195, -938.44147,  0.07057
-344.60672, 23.35889, -936.93073,  0.07104
-341.64349, 23.14886, -935.38306,  0.07153
-338.60382, 22.92638, -933.77417,  0.07202
-335.53995, 22.70699, -932.13190,  0.07252
-332.50055, 22.48256, -930.49695,  0.07302
-329.37537, 22.24627, -928.81000,  0.07353
-326.22632, 22.00186, -927.08856,  0.07405
-323.10971, 21.76170, -925.36438,  0.07456
-319.91022, 21.51321, -923.57812,  0.07509
-316.68073, 21.25626, -921.76746,  0.07563
-313.42032, 20.99904, -919.93518,  0.07616
-310.13910, 20.74423, -918.06360,  0.07671
-306.84741, 20.48695, -916.13666,  0.07726
-303.54364, 20.21985, -914.15723,  0.07782
-300.22110, 19.95167, -912.13666,  0.07838
-296.87067, 19.67988, -910.08948,  0.07895
-293.48935, 19.40705, -908.02124,  0.07952
-290.13754, 19.13538, -905.97058,  0.08009
-286.75571, 18.85768, -903.90094,  0.08066
-283.28244, 18.57605, -901.77234,  0.08124
-279.84259, 18.29314, -899.66125,  0.08183
-276.31046, 18.01440, -897.49213,  0.08243
-272.81348, 17.74055, -895.34149,  0.08302
-269.22513, 17.47526, -893.13177,  0.08362
-265.60938, 17.21077, -890.90234,  0.08424
-261.96631, 16.93486, -888.65436,  0.08486
-258.23047, 16.63722, -886.34821,  0.08549
-254.46799, 16.35720, -884.01971,  0.08613
-250.75685, 16.07824, -881.69342,  0.08676
-246.97006, 15.77789, -879.28082,  0.08741
-243.23930, 15.48180, -876.86810,  0.08805
-239.42470, 15.17968, -874.37897,  0.08871
-235.53529, 14.87330, -871.80164,  0.08938
-231.78500, 14.59091, -869.25256,  0.09003
-227.97261, 14.29941, -866.59930,  0.09071
-224.22539, 14.00983, -863.94604,  0.09137
-220.46355, 13.70474, -861.26654,  0.09203
-216.72989, 13.41377, -858.64807,  0.09269
-212.81325, 13.13289, -855.95599,  0.09338
-208.86876, 12.85465, -853.25983,  0.09407
-204.98714, 12.58821, -850.57709,  0.09475
-200.97188, 12.32357, -847.74799,  0.09546
-197.02516, 12.06159, -844.92651,  0.09616
-193.00111, 11.79551, -842.02661,  0.09687
-189.03404, 11.53392, -839.15436,  0.09758
-185.06352, 11.28360, -836.24915,  0.09828
-181.09425, 11.03286, -833.30670,  0.09900
-177.12621, 10.77958, -830.32703,  0.09971
-173.15976, 10.52610, -827.31134,  0.10043
-169.13277, 10.27566, -824.19812,  0.10116
-165.06523, 10.02855, -820.96283,  0.10191
-161.09605, 9.80416, -817.71783,  0.10265
-157.07974, 9.55587, -814.36029,  0.10340
-153.17853, 9.31361, -810.98132,  0.10414
-149.39230, 9.08296, -807.58142,  0.10487
-145.58206, 8.83933, -804.05096,  0.10562
-141.86908, 8.59728, -800.52307,  0.10636
-138.19687, 8.34866, -796.95148,  0.10709
-134.63310, 8.10699, -793.41663,  0.10781
-131.02638, 7.86137, -789.78809,  0.10855
-127.54230, 7.62484, -786.25659,  0.10926
-123.99462, 7.37968, -782.64331,  0.10999
-120.50680, 7.13589, -779.08087,  0.11071
-117.01514, 6.88675, -775.50439,  0.11143
-113.60880, 6.63816, -771.95746,  0.11214
-110.30440, 6.39354, -768.42517,  0.11284
-106.98116, 6.13760, -764.77216,  0.11355
-103.73035, 5.88075, -761.16278,  0.11425
-100.45954, 5.62823, -757.55573,  0.11495
-97.09199, 5.37241, -753.89728,  0.11567
-93.69582, 5.12103, -750.24957,  0.11638
-90.28397, 4.86721, -746.60010,  0.11710
-86.80099, 4.60242, -742.87366,  0.11784
-83.24974, 4.32799, -739.06708,  0.11859
-79.82097, 4.06637, -735.38385,  0.11931
-76.57787, 3.82429, -731.89459,  0.12000
-73.32923, 3.57633, -728.39600,  0.12069
-70.07484, 3.32491, -724.88879,  0.12138
-66.87885, 3.07372, -721.44165,  0.12206
-63.61278, 2.82191, -717.91742,  0.12275
-60.40456, 2.58013, -714.45374,  0.12343
-57.12544, 2.32748, -710.91339,  0.12413
-53.83990, 2.07062, -707.36560,  0.12482
-50.54847, 1.81524, -703.80927,  0.12552
-47.24994, 1.56375, -700.24585,  0.12622
-44.01012, 1.32158, -696.74469,  0.12691
-40.69930, 1.07465, -693.16644,  0.12761
-37.44785, 0.83614, -689.65094,  0.12830
-34.12600, 0.59667, -686.05762,  0.12901
-30.79869, 0.35914, -682.45691,  0.12971
-27.46500, 0.12288, -678.85022,  0.13042
-24.12523, -0.11462, -675.23712,  0.13113
-20.78038, -0.34650, -671.61749,  0.13184
-17.36359, -0.57420, -667.92072,  0.13257
-13.94029, -0.79952, -664.21863,  0.13330
-10.57685, -1.01616, -660.58282,  0.13402
-7.07510, -1.24003, -656.79950,  0.13476
-3.63315, -1.45856, -653.08282,  0.13550
-0.18574, -1.67778, -649.36096,  0.13623
3.26648, -1.89255, -645.63361,  0.13697
6.79122, -2.10459, -641.83002,  0.13772
10.25448, -2.31243, -638.09308,  0.13845
13.72213, -2.51888, -634.35132,  0.13919
17.26424, -2.72970, -630.53510,  0.13994
20.75049, -2.93192, -626.79272,  0.14068
24.31657, -3.14285, -622.98071,  0.14143
27.89693, -3.36192, -619.17303,  0.14219
31.50547, -3.58470, -615.38416,  0.14294
35.23321, -3.81335, -611.56592,  0.14371
39.02203, -4.04361, -607.80219,  0.14448
42.89750, -4.27205, -604.12915,  0.14525
46.93639, -4.49927, -600.48755,  0.14603
51.14128, -4.72150, -596.88556,  0.14683
55.49795, -4.93517, -593.30676,  0.14765
59.90172, -5.13899, -589.77747,  0.14846
64.32743, -5.31167, -586.26892,  0.14928
68.75023, -5.39053, -582.76190,  0.15009
73.24936, -5.41915, -579.19495,  0.15092
77.74699, -5.44931, -575.63959,  0.15175
82.22430, -5.40378, -572.07837,  0.15258
86.55117, -5.36237, -568.66528,  0.15337
90.72926, -5.25330, -565.38324,  0.15414
94.88963, -5.06710, -562.09430,  0.15490
99.05682, -4.88995, -558.83295,  0.15566
103.33175, -4.68240, -555.58008,  0.15643
107.64149, -4.41361, -552.40839,  0.15721
111.97523, -4.08930, -549.30963,  0.15798
116.30563, -3.67587, -546.25696,  0.15875
120.56560, -3.19096, -543.16626,  0.15951
124.71066, -2.65328, -539.98773,  0.16027
128.72217, -2.06542, -536.71289,  0.16101
132.68188, -1.42145, -533.29877,  0.16177
136.45122, -0.77683, -529.87354,  0.16251
140.10359, -0.10327, -526.38727,  0.16323
143.62236, 0.60023, -522.83301,  0.16395
146.90752, 1.32493, -519.25934,  0.16465
149.95821, 2.05769, -515.66968,  0.16533
152.88313, 2.79831, -511.93024,  0.16601
155.57042, 3.51883, -508.18692,  0.16668
158.08633, 4.23051, -504.38330,  0.16733
160.37883, 4.91272, -500.59613,  0.16797
162.54828, 5.59212, -496.68994,  0.16862
164.55814, 6.26804, -492.74768,  0.16926
166.43774, 6.94418, -488.78458,  0.16989
168.19902, 7.60431, -484.89426,  0.17051
169.94617, 8.27152, -480.94196,  0.17113
171.64096, 8.92345, -476.99951,  0.17175
173.28746, 9.54809, -473.07071,  0.17237
174.88231, 10.14314, -469.17175,  0.17298
176.43755, 10.72259, -465.31064,  0.17358
177.96571, 11.28654, -461.48886,  0.17418
179.44760, 11.83150, -457.76999,  0.17476
180.94315, 12.37866, -453.98981,  0.17535
182.36124, 12.88790, -450.26147,  0.17593
183.71715, 13.36551, -446.51913,  0.17650
185.03470, 13.81532, -442.69131,  0.17709
186.27995, 14.22054, -438.92557,  0.17766
187.51987, 14.60882, -435.08307,  0.17824
188.72733, 14.97988, -431.23621,  0.17883
189.88567, 15.32911, -427.37912,  0.17941
191.05455, 15.68742, -423.29358,  0.18002
192.17668, 16.05194, -419.20157,  0.18063
193.24939, 16.41515, -415.18054,  0.18123
194.33821, 16.79356, -411.09229,  0.18184
195.49911, 17.15725, -407.03064,  0.18246
196.72246, 17.49031, -403.07181,  0.18306
198.07457, 17.81886, -399.00357,  0.18368
199.49287, 18.10684, -394.95712,  0.18430
201.03235, 18.38382, -390.88000,  0.18493
202.70432, 18.67166, -386.77887,  0.18558
204.44571, 18.93460, -382.78751,  0.18621
206.27855, 19.18042, -378.75150,  0.18685
208.18108, 19.42087, -374.65967,  0.18752
210.10286, 19.65513, -370.57034,  0.18817
212.03909, 19.89360, -366.48267,  0.18883
214.00992, 20.12274, -362.40564,  0.18949
216.07057, 20.35589, -358.28458,  0.19016
218.12729, 20.57502, -354.32556,  0.19080
220.28947, 20.79163, -350.33221,  0.19146
222.43234, 21.00005, -346.49518,  0.19210
224.58128, 21.20487, -342.74304,  0.19272
226.80951, 21.40623, -339.03629,  0.19335
229.04112, 21.59701, -335.50693,  0.19395
231.39000, 21.78572, -331.95905,  0.19457
233.78996, 21.97712, -328.43967,  0.19519
236.14772, 22.16158, -324.97702,  0.19579
238.48349, 22.34341, -321.49326,  0.19639
240.83350, 22.52813, -317.92105,  0.19701
243.12411, 22.71059, -314.39438,  0.19762
245.45796, 22.89910, -310.79852,  0.19824
247.82661, 23.08595, -307.21957,  0.19886
250.19177, 23.27189, -303.72479,  0.19947
252.63358, 23.46471, -300.18344,  0.20009
255.13835, 23.65835, -296.58511,  0.20072
257.56476, 23.84473, -293.11276,  0.20133
259.99615, 24.02805, -289.63693,  0.20195
262.43027, 24.21628, -286.15704,  0.20256
264.86716, 24.40616, -282.67279,  0.20317
267.30621, 24.59917, -279.18414,  0.20379
269.79449, 24.79601, -275.62930,  0.20441
272.24619, 24.98746, -272.13742,  0.20503
274.76511, 25.18426, -268.59396,  0.20565
277.33286, 25.38161, -265.08218,  0.20628
279.89941, 25.57896, -261.66312,  0.20690
282.52600, 25.78173, -258.18707,  0.20752
285.14386, 25.98965, -254.69960,  0.20815
287.74631, 26.19818, -251.19539,  0.20878
290.33994, 26.39842, -247.67847,  0.20941
292.97705, 26.59916, -244.09081,  0.21006
295.66040, 26.80368, -240.43454,  0.21071
298.34534, 27.00939, -236.77281,  0.21137
301.03180, 27.21588, -233.10646,  0.21202
303.71414, 27.42961, -229.43263,  0.21268
306.40155, 27.64420, -225.66205,  0.21334
309.08368, 27.85808, -221.78798,  0.21402
311.79758, 28.07226, -217.83511,  0.21471
314.51990, 28.28502, -213.88260,  0.21540
317.20877, 28.49791, -209.90334,  0.21609
319.86630, 28.71411, -205.89854,  0.21678
322.58203, 28.93192, -201.83223,  0.21749
325.25003, 29.13817, -197.91891,  0.21817
327.95465, 29.34302, -194.02599,  0.21885
330.72464, 29.55272, -190.07658,  0.21954
333.41086, 29.75805, -186.25607,  0.22022
336.14359, 29.96800, -182.36610,  0.22090
338.82730, 30.17678, -178.53319,  0.22157
341.48532, 30.37901, -174.67725,  0.22224
344.10730, 30.58104, -170.79201,  0.22292
346.74088, 30.78915, -166.81398,  0.22360
349.29721, 30.99356, -162.87633,  0.22428
351.79010, 31.18938, -158.89514,  0.22495
354.21820, 31.39627, -154.87199,  0.22563
356.59848, 31.60557, -150.81590,  0.22631
358.95502, 31.81324, -146.74144,  0.22698
361.26205, 32.02019, -142.72673,  0.22765
363.61652, 32.23642, -138.55299,  0.22834
365.90265, 32.45451, -134.33954,  0.22903
368.11923, 32.67213, -130.08659,  0.22971
370.25247, 32.88592, -125.87739,  0.23039
372.36420, 33.10435, -121.65431,  0.23107
374.46619, 33.32812, -117.42376,  0.23175
376.59879, 33.55954, -113.11665,  0.23244
378.72659, 33.79588, -108.80542,  0.23313
380.85031, 34.03809, -104.49054,  0.23382
383.00464, 34.29613, -100.10117,  0.23452
385.11688, 34.55610, -95.77995,  0.23522
387.21362, 34.82009, -91.45118,  0.23590
389.31662, 35.08968, -87.03632,  0.23661
391.41257, 35.35413, -82.52920,  0.23732
393.39633, 35.60880, -78.06081,  0.23802
395.36499, 35.87194, -73.41177,  0.23875
397.20325, 36.11837, -68.88142,  0.23945
398.93906, 36.35353, -64.39682,  0.24014
400.61353, 36.58562, -59.88744,  0.24084
402.24661, 36.81138, -55.36031,  0.24153
403.83328, 37.02837, -50.89856,  0.24221
405.38690, 37.23691, -46.50718,  0.24288
406.96588, 37.44500, -42.03598,  0.24356
408.51715, 37.64530, -37.63688,  0.24424
410.04108, 37.84442, -33.31027,  0.24490
411.56558, 38.03596, -28.98010,  0.24556
413.08942, 38.22932, -24.64669,  0.24622
414.58612, 38.42071, -20.38600,  0.24687
416.05557, 38.60417, -16.19794,  0.24751
417.52469, 38.79524, -12.00739,  0.24815
418.96768, 38.98125, -7.89036,  0.24878
420.43762, 39.16869, -3.69429,  0.24942
421.93384, 39.36200, 0.58079,  0.25007
423.42758, 39.55159, 4.85988,  0.25072
424.88971, 39.74413, 9.06582,  0.25136
426.37421, 39.94436, 13.35234,  0.25202
427.82364, 40.13934, 17.56726,  0.25266
429.26196, 40.33788, 21.78750,  0.25330
430.69067, 40.54253, 26.01248,  0.25394
432.11356, 40.74049, 30.24197,  0.25459
433.53387, 40.93580, 34.47403,  0.25523
434.92752, 41.13084, 38.63107,  0.25586
436.34613, 41.33229, 42.86687,  0.25651
437.79022, 41.53900, 47.18127,  0.25716
439.20828, 41.74290, 51.42019,  0.25781
440.67685, 41.95219, 55.81527,  0.25847
442.14484, 42.16260, 60.21191,  0.25914
443.56119, 42.36517, 64.45594,  0.25979
444.97772, 42.56961, 68.70087,  0.26043
446.34164, 42.77013, 72.79263,  0.26105
447.67975, 42.96806, 76.80822,  0.26166
449.04327, 43.16371, 80.90275,  0.26229
450.38046, 43.35538, 84.92094,  0.26290
451.74234, 43.55427, 89.01764,  0.26352
453.10370, 43.74954, 93.11626,  0.26414
454.48941, 43.94864, 97.29330,  0.26478
455.87302, 44.14955, 101.47227,  0.26541
457.25305, 44.35134, 105.65326,  0.26604
458.63104, 44.55172, 109.83611,  0.26668
459.98218, 44.75453, 113.94206,  0.26730
461.35852, 44.95905, 118.12722,  0.26794
462.70825, 45.15137, 122.23640,  0.26856
464.03168, 45.34195, 126.26925,  0.26917
465.37915, 45.53335, 130.38159,  0.26980
466.70084, 45.72125, 134.41730,  0.27041
468.04669, 45.91966, 138.53159,  0.27103
469.39191, 46.12118, 142.64679,  0.27166
470.73724, 46.31668, 146.76341,  0.27228
472.08267, 46.50527, 150.88159,  0.27291
473.45264, 46.70247, 155.07759,  0.27354
474.82202, 46.90521, 159.27493,  0.27418
476.19061, 47.10437, 163.47383,  0.27481
477.55841, 47.29659, 167.67432,  0.27545
478.92502, 47.49762, 171.87502,  0.27609
480.31601, 47.70253, 176.15500,  0.27674
481.70535, 47.90731, 180.43639,  0.27738
483.09344, 48.10946, 184.71918,  0.27803
484.45737, 48.30945, 188.92438,  0.27867
485.82291, 48.51137, 193.12929,  0.27931
487.18976, 48.71758, 197.33403,  0.27995
488.55878, 48.92600, 201.53877,  0.28058
489.95358, 49.13169, 205.82214,  0.28123
491.32315, 49.33014, 210.02834,  0.28187
492.69324, 49.53045, 214.23486,  0.28251
494.06360, 49.73272, 218.44196,  0.28315
495.43460, 49.93741, 222.64912,  0.28378
496.80643, 50.14378, 226.85631,  0.28442
498.18008, 50.34822, 231.06358,  0.28506
499.53198, 50.54776, 235.19212,  0.28569
500.91360, 50.75364, 239.39723,  0.28633
502.30365, 50.95786, 243.60020,  0.28697
503.72839, 51.16623, 247.87827,  0.28761
505.16000, 51.37649, 252.15413,  0.28826
506.56912, 51.58189, 256.35159,  0.28890
507.97968, 51.78791, 260.54892,  0.28954
509.41519, 51.99671, 264.82449,  0.29019
510.84958, 52.20503, 269.10123,  0.29084
512.25641, 52.40986, 273.30072,  0.29148
513.68762, 52.61846, 277.57904,  0.29213
515.09167, 52.82331, 281.78033,  0.29277
516.54767, 53.03739, 286.13748,  0.29343
517.97766, 53.24651, 290.41721,  0.29408
519.43372, 53.45737, 294.77527,  0.29475
520.86371, 53.66612, 299.05557,  0.29540
522.34491, 53.88389, 303.49213,  0.29607
523.80060, 54.09540, 307.85144,  0.29673
525.25665, 54.30708, 312.21063,  0.29739
526.73932, 54.51924, 316.64813,  0.29807
528.19562, 54.72658, 321.00848,  0.29873
529.67749, 54.93520, 325.44800,  0.29941
531.13104, 55.13859, 329.81088,  0.30007
532.58264, 55.34602, 334.17496,  0.30073
534.03186, 55.55309, 338.54025,  0.30140
535.48108, 55.76064, 342.90625,  0.30206
536.93024, 55.96910, 347.27271,  0.30272
538.40448, 56.17897, 351.71844,  0.30340
539.85114, 56.38441, 356.08679,  0.30406
541.29675, 56.59136, 360.45621,  0.30472
542.76660, 56.80356, 364.90454,  0.30540
544.20935, 57.01098, 369.27585,  0.30606
545.62372, 57.21254, 373.57080,  0.30672
547.03729, 57.41472, 377.86612,  0.30737
548.45197, 57.61970, 382.16138,  0.30802
549.89221, 57.82903, 386.53522,  0.30868
551.35742, 58.04245, 390.98764,  0.30936
552.79639, 58.25102, 395.36267,  0.31002
554.25952, 58.46568, 399.81638,  0.31070
555.69507, 58.67895, 404.19275,  0.31136
557.13062, 58.89044, 408.56949,  0.31203
558.59174, 59.10670, 413.02444,  0.31270
560.02710, 59.32063, 417.40128,  0.31337
561.46155, 59.53671, 421.77817,  0.31403
562.92169, 59.75465, 426.23328,  0.31471
564.38013, 59.96952, 430.68927,  0.31539
565.86340, 60.18798, 435.22397,  0.31607
567.32111, 60.40181, 439.68079,  0.31675
568.75256, 60.61502, 444.05948,  0.31741
570.20813, 60.83532, 448.51645,  0.31809
571.66266, 61.05679, 452.97345,  0.31876
573.11707, 61.27862, 457.43024,  0.31944
574.57141, 61.50278, 461.88690,  0.32012
576.02441, 61.72492, 466.34396,  0.32079
577.47589, 61.94376, 470.80157,  0.32147
578.92670, 62.16396, 475.25928,  0.32214
580.37512, 62.38596, 479.71725,  0.32282
581.82245, 62.60784, 484.17554,  0.32350
583.29407, 62.83042, 488.71265,  0.32418
584.73822, 63.05185, 493.17151,  0.32486
586.17981, 63.27510, 497.63123,  0.32554
587.62018, 63.49474, 502.09152,  0.32621
589.03448, 63.70804, 506.47403,  0.32688
590.47473, 63.92210, 510.93484,  0.32755
591.91589, 64.13970, 515.39496,  0.32823
593.33435, 64.34928, 519.77686,  0.32889
594.80670, 64.56245, 524.31494,  0.32958
596.22961, 64.76958, 528.69635,  0.33024
597.67792, 64.98126, 533.15619,  0.33092
599.09906, 65.19092, 537.53821,  0.33158
600.51709, 65.40085, 541.92151,  0.33225
601.93243, 65.60917, 546.30646,  0.33291
603.32574, 65.81813, 550.61151,  0.33356
604.78503, 66.03189, 554.97845,  0.33423
606.26929, 66.24088, 559.24829,  0.33488
607.80310, 66.45278, 563.49823,  0.33553
609.36469, 66.66419, 567.73730,  0.33618
610.91095, 66.87174, 571.97339,  0.33683
612.37836, 67.06908, 576.07471,  0.33746
613.78308, 67.25490, 580.08142,  0.33807
615.09943, 67.43348, 583.90149,  0.33866
616.33783, 67.60728, 587.54932,  0.33921
617.53717, 67.77155, 591.13330,  0.33975
618.68805, 67.93765, 594.69922,  0.34029
619.72009, 68.09435, 598.26068,  0.34082
620.56055, 68.23872, 601.82178,  0.34135
621.19263, 68.36871, 605.39777,  0.34187
621.61523, 68.49573, 608.99670,  0.34239
621.85089, 68.61366, 612.54749,  0.34290
621.96991, 68.72363, 616.11206,  0.34341
622.03351, 68.84102, 619.62103,  0.34392
622.07965, 68.96519, 623.07513,  0.34441
622.10736, 69.09471, 626.60529,  0.34492
622.05115, 69.22465, 630.07306,  0.34542
621.88354, 69.36716, 633.67535,  0.34594
621.56995, 69.50270, 637.13025,  0.34644
621.08563, 69.63232, 640.47815,  0.34692
620.39185, 69.76421, 643.80157,  0.34740
619.50867, 69.88735, 646.96063,  0.34787
618.40131, 70.01115, 650.08777,  0.34834
617.08649, 70.13862, 653.10461,  0.34880
615.54633, 70.27217, 656.05872,  0.34927
613.79974, 70.41238, 658.95667,  0.34975
611.94806, 70.55586, 661.71008,  0.35022
609.95831, 70.69811, 664.44720,  0.35070
607.83002, 70.83766, 667.16162,  0.35119
605.54828, 70.97259, 669.83417,  0.35169
603.14984, 71.10184, 672.40491,  0.35219
600.61017, 71.22693, 674.93604,  0.35270
598.00104, 71.34379, 677.41156,  0.35322
595.37195, 71.45220, 679.88483,  0.35374
592.78473, 71.55143, 682.40479,  0.35426
590.28723, 71.63992, 684.97144,  0.35478
587.93787, 71.70983, 687.54364,  0.35530
585.73126, 71.77696, 690.13489,  0.35581
583.65997, 71.84826, 692.76569,  0.35631
581.70746, 71.92361, 695.49133,  0.35681
579.92334, 72.00517, 698.25525,  0.35729
578.27539, 72.09010, 701.10162,  0.35778
576.76270, 72.16489, 704.02155,  0.35826
575.33929, 72.24310, 707.11896,  0.35876
574.11401, 72.32133, 710.22034,  0.35925
573.09723, 72.39939, 713.31360,  0.35972
572.29254, 72.47614, 716.38483,  0.36019
571.69617, 72.54672, 719.36584,  0.36063
571.27258, 72.61745, 722.42676,  0.36107
571.02777, 72.68694, 725.44257,  0.36151
570.92731, 72.75803, 728.46857,  0.36195
570.91687, 72.83535, 731.50513,  0.36239
570.96918, 72.91074, 734.49078,  0.36282
571.09875, 72.98360, 737.42053,  0.36324
571.31152, 73.05578, 740.35315,  0.36367
571.62799, 73.12267, 743.28271,  0.36409
572.04077, 73.18579, 746.27106,  0.36453
572.51807, 73.24454, 749.19818,  0.36496
573.08496, 73.29813, 752.18158,  0.36540
573.73309, 73.35004, 755.15814,  0.36584
574.47333, 73.39771, 758.12286,  0.36628
575.31061, 73.44128, 761.07037,  0.36672
576.24921, 73.48183, 764.06506,  0.36718
577.22925, 73.51736, 766.99371,  0.36763
578.24524, 73.55286, 769.92487,  0.36808
579.31500, 73.58952, 772.91852,  0.36854
580.43622, 73.62566, 775.90704,  0.36900
581.57953, 73.65982, 778.83331,  0.36946
582.78278, 73.69418, 781.81989,  0.36993
583.98413, 73.73014, 784.75299,  0.37038
585.22162, 73.76802, 787.75708,  0.37085
586.44531, 73.80556, 790.78064,  0.37132
587.61255, 73.84163, 793.83875,  0.37179
588.72241, 73.87815, 796.93164,  0.37226
589.77490, 73.91076, 800.05786,  0.37274
590.76788, 73.93830, 803.28400,  0.37322
591.66309, 73.96272, 806.48175,  0.37370
592.44812, 73.98057, 809.71643,  0.37418
593.09406, 73.98956, 812.92047,  0.37465
593.60547, 73.98878, 816.15424,  0.37512
593.99609, 73.97966, 819.41388,  0.37559
594.26794, 73.96350, 822.62793,  0.37606
594.42200, 73.93985, 825.92468,  0.37653
594.46808, 73.91004, 829.23645,  0.37701
594.38263, 73.87442, 832.55408,  0.37749
594.14191, 73.83810, 835.86670,  0.37796
593.75647, 73.80743, 839.17303,  0.37844
593.24951, 73.77628, 842.40344,  0.37891
592.64349, 73.74658, 845.62915,  0.37938
591.94214, 73.72109, 848.91968,  0.37986
591.18188, 73.70152, 852.14026,  0.38034
590.33643, 73.68213, 855.35181,  0.38081
589.34967, 73.65693, 858.60223,  0.38129
588.19928, 73.63165, 861.79248,  0.38177
586.84448, 73.60702, 864.96875,  0.38225
585.27887, 73.58039, 868.11597,  0.38275
583.52637, 73.55032, 871.14905,  0.38324
581.56018, 73.52196, 874.12146,  0.38375
579.43573, 73.50156, 876.98547,  0.38426
577.14636, 73.48064, 879.82385,  0.38477
574.80780, 73.45567, 882.54968,  0.38529
572.40393, 73.42959, 885.24097,  0.38580
569.88208, 73.40277, 887.94098,  0.38633
567.23895, 73.37341, 890.64612,  0.38687
564.51611, 73.33913, 893.29602,  0.38741
561.72754, 73.29986, 895.90533,  0.38796
558.83734, 73.25076, 898.54071,  0.38852
555.91327, 73.19717, 901.17200,  0.38909
552.96497, 73.13931, 903.81061,  0.38966
550.04236, 73.07793, 906.40222,  0.39022
547.09052, 73.01107, 908.99359,  0.39079
544.08600, 72.93935, 911.55328,  0.39135
541.01068, 72.86006, 914.05786,  0.39193
537.80841, 72.76711, 916.55396,  0.39251
534.60699, 72.66897, 918.96521,  0.39309
531.36633, 72.56740, 921.36145,  0.39367
528.16089, 72.46615, 923.71686,  0.39424
524.95605, 72.36440, 926.10669,  0.39482
521.81812, 72.26588, 928.49268,  0.39539
518.62628, 72.16011, 930.96643,  0.39597
515.48584, 72.05048, 933.41467,  0.39654
512.25732, 71.93671, 935.90808,  0.39713
508.93311, 71.81397, 938.43921,  0.39773
505.63931, 71.68470, 940.91754,  0.39833
502.32349, 71.54812, 943.40277,  0.39892
499.05344, 71.41053, 945.85345,  0.39951
495.83197, 71.28151, 948.27124,  0.40009
492.59488, 71.14375, 950.70129,  0.40068
489.27991, 71.00198, 953.19244,  0.40128
485.95111, 70.85433, 955.69855,  0.40188
482.60828, 70.70152, 958.21851,  0.40248
479.25180, 70.54623, 960.75311,  0.40309
475.88071, 70.38631, 963.30072,  0.40370
472.42844, 70.21735, 965.90845,  0.40432
469.02548, 70.04985, 968.47754,  0.40493
465.54004, 69.87845, 971.10583,  0.40556
462.03787, 69.70277, 973.74390,  0.40620
458.45331, 69.52301, 976.44232,  0.40685
454.91885, 69.34583, 979.10059,  0.40749
451.36841, 69.16773, 981.76831,  0.40813
447.73508, 68.97849, 984.49670,  0.40878
444.15378, 68.78547, 987.18488,  0.40943
440.48993, 68.58208, 989.93530,  0.41009
436.87906, 68.37711, 992.64490,  0.41074
433.25330, 68.17104, 995.36523,  0.41140
429.54340, 67.95847, 998.14661,  0.41206
425.88733, 67.74390, 1000.88739,  0.41272
422.21844, 67.51826, 1003.63989,  0.41338
418.46820, 67.29289, 1006.45856,  0.41406
414.77628, 67.06571, 1009.24048,  0.41473
411.00305, 66.82476, 1012.08917,  0.41541
407.21695, 66.58147, 1014.95062,  0.41610
403.48676, 66.34342, 1017.77032,  0.41677
399.74292, 66.10286, 1020.60120,  0.41745
395.98666, 65.85485, 1023.44434,  0.41813
392.21783, 65.59599, 1026.29907,  0.41881
388.50781, 65.33128, 1029.11194,  0.41948
384.71216, 65.06071, 1031.98840,  0.42017
380.98575, 64.79499, 1034.80896,  0.42085
377.24109, 64.52012, 1037.64099,  0.42152
373.61255, 64.25459, 1040.37659,  0.42218
370.16287, 63.99797, 1042.97070,  0.42280
366.77512, 63.72749, 1045.51184,  0.42342
363.57666, 63.47933, 1047.90723,  0.42400
360.49927, 63.24234, 1050.21082,  0.42455
357.53729, 63.00348, 1052.42871,  0.42508
354.69534, 62.76920, 1054.55457,  0.42560
351.96838, 62.54488, 1056.58740,  0.42609
349.26340, 62.32308, 1058.57874,  0.42657
346.50858, 62.09103, 1060.48718,  0.42705
343.69250, 61.85694, 1062.28308,  0.42753
340.75296, 61.61251, 1063.96362,  0.42801
337.75201, 61.37411, 1065.49731,  0.42849
334.70038, 61.14070, 1066.89429,  0.42897
331.54333, 60.90151, 1068.14465,  0.42945
328.34344, 60.66127, 1069.18323,  0.42992
325.05145, 60.41616, 1070.00476,  0.43040
321.67752, 60.16479, 1070.58057,  0.43088
318.15460, 59.89993, 1070.90112,  0.43137
314.73697, 59.64109, 1070.94519,  0.43186
311.25006, 59.37971, 1070.74268,  0.43235
307.80975, 59.12202, 1070.36450,  0.43283
304.34314, 58.86055, 1069.89148,  0.43333
300.79987, 58.59602, 1069.29736,  0.43383
297.27072, 58.33071, 1068.51135,  0.43434
293.79901, 58.06786, 1067.48376,  0.43484
290.39771, 57.80763, 1066.21301,  0.43535
287.10165, 57.54299, 1064.69714,  0.43585
284.00433, 57.28981, 1062.98047,  0.43633
281.01062, 57.03270, 1061.01990,  0.43682
278.18173, 56.77699, 1058.83801,  0.43732
275.58267, 56.52753, 1056.49207,  0.43780
273.13654, 56.27421, 1053.91504,  0.43828
270.88373, 56.01741, 1051.16101,  0.43877
268.86041, 55.76462, 1048.29932,  0.43925
267.02936, 55.51398, 1045.30017,  0.43973
265.39383, 55.26117, 1042.17798,  0.44021
263.96082, 55.00534, 1038.88745,  0.44071
262.79465, 54.75331, 1035.55688,  0.44119
261.89597, 54.49767, 1032.21509,  0.44166
261.23532, 54.24209, 1028.75256,  0.44215
260.83075, 53.98922, 1025.24646,  0.44264
260.67624, 53.74403, 1021.77637,  0.44312
260.75461, 53.50095, 1018.29620,  0.44360
261.06354, 53.25307, 1014.82159,  0.44408
261.60880, 52.99767, 1011.37616,  0.44457
262.40216, 52.74134, 1007.98444,  0.44506
263.44397, 52.48543, 1004.66663,  0.44554
264.75223, 52.22724, 1001.37714,  0.44604
266.29980, 51.97197, 998.18958,  0.44655
268.07520, 51.72558, 995.11456,  0.44705
270.07187, 51.47513, 992.07495,  0.44757
272.26880, 51.22536, 989.06232,  0.44811
274.61441, 50.98318, 986.12457,  0.44866
277.13995, 50.73605, 983.20825,  0.44922
279.73734, 50.49274, 980.39667,  0.44978
282.42459, 50.25287, 977.61847,  0.45035
285.21030, 50.01128, 974.88953,  0.45093
288.14310, 49.75406, 972.16486,  0.45151
291.19461, 49.48304, 969.52332,  0.45210
294.31387, 49.20688, 967.02081,  0.45269
297.56262, 48.91310, 964.64343,  0.45327
300.92993, 48.61530, 962.37982,  0.45386
304.33801, 48.31746, 960.24353,  0.45445
307.87772, 48.00669, 958.11206,  0.45505
311.41647, 47.69969, 956.04340,  0.45564
315.08118, 47.39144, 953.97144,  0.45626
318.80508, 47.08615, 951.92407,  0.45688
322.57788, 46.77683, 949.88440,  0.45750
326.39011, 46.46975, 947.83673,  0.45813
330.30447, 46.16272, 945.73730,  0.45878
334.18530, 45.86043, 943.65485,  0.45941
338.16547, 45.55086, 941.51642,  0.46007
342.23688, 45.23198, 939.30536,  0.46074
346.26111, 44.92034, 937.09137,  0.46140
350.37695, 44.60299, 934.80383,  0.46208
354.57330, 44.28566, 932.42609,  0.46277
358.75293, 43.97131, 929.95129,  0.46347
362.96613, 43.64354, 927.33655,  0.46419
367.10699, 43.31161, 924.67334,  0.46490
371.20831, 42.96905, 921.91687,  0.46562
375.14032, 42.62747, 918.98547,  0.46634
378.95419, 42.27441, 915.74323,  0.46707
382.52872, 41.88976, 912.23706,  0.46779
385.72205, 41.50608, 908.59314,  0.46850
388.74594, 41.09332, 904.52936,  0.46923
391.42749, 40.67517, 900.21765,  0.46996
393.61340, 40.27703, 895.93561,  0.47066
395.41422, 39.87950, 891.52118,  0.47135
396.82434, 39.49111, 886.98553,  0.47204
397.89212, 39.12608, 882.41168,  0.47272
398.72290, 38.78634, 877.75171,  0.47341
399.33783, 38.42681, 873.16498,  0.47408
399.73651, 38.06102, 868.52722,  0.47476
399.86050, 37.71122, 863.77478,  0.47546
399.72678, 37.41040, 859.13293,  0.47613
399.37576, 37.11294, 854.46918,  0.47682
398.83774, 36.84417, 849.78760,  0.47751
398.11038, 36.56099, 845.17462,  0.47820
397.14740, 36.26640, 840.58118,  0.47889
395.90179, 35.95498, 835.95898,  0.47959
394.45294, 35.63561, 831.52942,  0.48027
392.80460, 35.30394, 827.13855,  0.48095
391.06870, 34.97729, 822.82208,  0.48163
389.38968, 34.65075, 818.52588,  0.48231
387.79114, 34.32355, 814.16211,  0.48299
386.23868, 33.98760, 809.66168,  0.48368
384.69446, 33.65012, 805.20166,  0.48436
383.05872, 33.30461, 800.65021,  0.48507
381.40265, 32.96016, 796.15137,  0.48576
379.73569, 32.61095, 791.61768,  0.48646
378.04703, 32.25625, 786.96692,  0.48717
376.38882, 31.90751, 782.35333,  0.48788
374.72653, 31.55658, 777.70502,  0.48859
373.02777, 31.19847, 772.94562,  0.48932
371.33636, 30.84099, 768.23676,  0.49005
369.58752, 30.47388, 763.42487,  0.49078
367.83932, 30.11571, 758.66797,  0.49151
366.04086, 29.75039, 753.80536,  0.49226
364.22913, 29.38384, 748.91418,  0.49301
362.43713, 29.02233, 744.07428,  0.49376
360.60712, 28.65430, 739.12488,  0.49452
358.79910, 28.29730, 734.22815,  0.49527
356.95264, 27.92953, 729.22192,  0.49603
355.07758, 27.55453, 724.10193,  0.49682
353.21881, 27.17737, 718.94464,  0.49761
351.38242, 26.79499, 713.74896,  0.49840
349.57837, 26.41269, 708.51282,  0.49920
347.86328, 26.03045, 703.31372,  0.49999
346.21521, 25.64213, 698.08569,  0.50078
344.64502, 25.24981, 692.84436,  0.50156
343.13382, 24.85639, 687.56238,  0.50235
341.67258, 24.46784, 682.23541,  0.50315
340.23901, 24.07889, 676.87891,  0.50395
338.78973, 23.68690, 671.40936,  0.50476
337.33994, 23.29291, 665.91669,  0.50558
335.90662, 22.88800, 660.39801,  0.50640
334.54477, 22.48486, 654.93530,  0.50721
333.19507, 22.06660, 649.25757,  0.50805
331.86560, 21.64932, 643.45648,  0.50891
330.60205, 21.24136, 637.71399,  0.50976
329.36969, 20.82444, 631.84741,  0.51062
328.18240, 20.40428, 625.94965,  0.51149
327.05441, 20.00342, 620.21027,  0.51233
325.91367, 19.59521, 614.35590,  0.51320
324.78116, 19.20317, 608.67407,  0.51403
323.58026, 18.80169, 602.89026,  0.51488
322.32736, 18.39698, 597.09845,  0.51574
321.01895, 17.98613, 591.20105,  0.51661
319.71463, 17.58033, 585.38092,  0.51747
318.41544, 17.17167, 579.54041,  0.51834
317.13452, 16.75711, 573.67706,  0.51920
315.84952, 16.32826, 567.69586,  0.52008
314.59372, 15.90083, 561.78833,  0.52095
313.31705, 15.46852, 555.76550,  0.52185
312.05588, 15.04571, 549.81958,  0.52272
310.78943, 14.62096, 543.85547,  0.52360
309.53839, 14.19941, 537.97028,  0.52447
308.26001, 13.77188, 531.97137,  0.52536
306.99509, 13.35837, 526.05219,  0.52623
305.74615, 12.95133, 520.21399,  0.52709
304.47012, 12.53009, 514.26270,  0.52797
303.18683, 12.09863, 508.29590,  0.52885
301.86316, 11.65961, 502.21756,  0.52975
300.48730, 11.21912, 496.02936,  0.53066
299.10379, 10.78917, 489.92804,  0.53157
297.74707, 10.36724, 484.01077,  0.53244
296.38034, 9.93785, 478.07977,  0.53332
294.98276, 9.50217, 472.03497,  0.53422
293.58936, 9.07548, 466.01950,  0.53511
292.23920, 8.65473, 460.20602,  0.53597
290.91577, 8.23516, 454.52759,  0.53682
289.66208, 7.84913, 449.15903,  0.53762
288.45490, 7.47839, 444.00623,  0.53838
287.27203, 7.10653, 438.96915,  0.53913
286.03857, 6.73708, 433.86459,  0.53988
284.66428, 6.36292, 428.81570,  0.54063
283.06848, 5.98466, 423.85870,  0.54138
281.24826, 5.61113, 419.07642,  0.54211
279.16409, 5.23635, 414.41455,  0.54283
276.81967, 4.86384, 409.90814,  0.54356
274.27094, 4.49657, 405.65173,  0.54426
271.48413, 4.12571, 401.57675,  0.54497
268.57251, 3.76735, 397.82086,  0.54564
265.46213, 3.40606, 394.24774,  0.54632
262.17542, 3.03913, 390.83899,  0.54700
258.75180, 2.66859, 387.54993,  0.54767
255.25073, 2.30388, 384.30917,  0.54836
251.76006, 1.94844, 381.14511,  0.54904
248.20038, 1.61366, 378.02899,  0.54973
244.54007, 1.27177, 375.01059,  0.55041
240.77052, 0.91705, 372.11435,  0.55110
236.81380, 0.55412, 369.33038,  0.55180
232.73373, 0.20190, 366.72604,  0.55251
228.53537, -0.14664, 364.32272,  0.55321
224.23036, -0.49363, 362.11026,  0.55392
219.82925, -0.84002, 360.08386,  0.55462
215.26389, -1.18734, 358.20972,  0.55534
210.77643, -1.51823, 356.58148,  0.55604
206.22015, -1.85171, 355.13666,  0.55674
201.52350, -2.19431, 353.85687,  0.55746
196.93506, -2.51292, 352.79425,  0.55815
192.22009, -2.83643, 351.85443,  0.55886
187.55269, -3.15122, 351.02280,  0.55955
182.85732, -3.46757, 350.24142,  0.56025
178.04868, -3.78623, 349.53256,  0.56096
173.20920, -4.11259, 348.93988,  0.56168
168.42706, -4.44114, 348.47858,  0.56239
163.53577, -4.77981, 348.14285,  0.56311
158.71063, -5.12031, 347.95309,  0.56382
153.86804, -5.46825, 347.89041,  0.56453
149.01221, -5.81919, 347.95648,  0.56525
144.23735, -6.16311, 348.16959,  0.56596
139.37140, -6.51989, 348.52786,  0.56668
134.59044, -6.87431, 349.00964,  0.56740
129.72198, -7.23376, 349.62259,  0.56812
124.93939, -7.58741, 350.32983,  0.56883
120.15289, -7.93542, 351.12396,  0.56955
115.27314, -8.29150, 352.00220,  0.57027
110.48830, -8.63877, 352.97299,  0.57099
105.71761, -8.97855, 354.06973,  0.57170
100.88375, -9.32017, 355.32965,  0.57243
96.08833, -9.66002, 356.75156,  0.57315
91.33981, -9.98577, 358.34198,  0.57388
86.64144, -10.30661, 360.09518,  0.57460
81.99469, -10.62464, 362.00082,  0.57533
77.30951, -10.93816, 364.07217,  0.57607
72.77331, -11.24039, 366.25934,  0.57679
68.31633, -11.53503, 368.60895,  0.57752
63.88838, -11.83376, 371.18652,  0.57826
59.65754, -12.12765, 373.90210,  0.57898
55.55424, -12.41294, 376.79593,  0.57971
51.63911, -12.69767, 379.79239,  0.58042
47.75230, -12.97630, 382.97507,  0.58114
43.99603, -13.23147, 386.18930,  0.58186
40.26537, -13.48124, 389.45322,  0.58257
36.48196, -13.74718, 392.81241,  0.58330
32.83456, -13.99062, 396.19287,  0.58403
29.29088, -14.21352, 399.68570,  0.58475
26.00313, -14.43184, 403.17068,  0.58544
22.79207, -14.65719, 406.84140,  0.58615
19.82590, -14.86965, 410.48032,  0.58683
16.96029, -15.07248, 414.20300,  0.58751
14.19134, -15.27041, 418.00153,  0.58819
11.50752, -15.46125, 421.86612,  0.58888
8.98410, -15.64241, 425.73007,  0.58955
6.57190, -15.81385, 429.66528,  0.59023
4.28149, -15.97958, 433.67148,  0.59090
2.10034, -16.13960, 437.73972,  0.59157
0.04676, -16.28810, 441.77625,  0.59224
-1.94509, -16.42734, 445.84912,  0.59290
-3.84504, -16.56194, 449.87091,  0.59356
-5.70612, -16.69093, 453.91681,  0.59421
-7.55270, -16.82033, 458.07352,  0.59488
-9.29532, -16.95146, 462.17969,  0.59554
-10.97297, -17.08572, 466.31659,  0.59620
-12.62225, -17.21962, 470.56702,  0.59687
-14.19772, -17.34352, 474.75375,  0.59752
-15.78412, -17.46984, 479.04028,  0.59819
-17.33177, -17.60050, 483.24994,  0.59884
-18.94110, -17.73320, 487.63831,  0.59952
-20.51995, -17.85380, 491.94632,  0.60019
-22.09869, -17.96904, 496.26065,  0.60085
-23.67891, -18.08521, 500.57996,  0.60152
-25.25838, -18.19225, 504.90485,  0.60218
-26.83493, -18.29296, 509.23578,  0.60284
-28.50621, -18.39800, 513.92877,  0.60356
-30.07673, -18.50019, 518.46588,  0.60425
-31.57845, -18.59497, 522.93250,  0.60493
-33.05275, -18.68677, 527.41235,  0.60561
-34.48460, -18.77360, 531.81274,  0.60628
-35.93974, -18.85454, 536.30621,  0.60696
-37.39397, -18.92371, 540.80359,  0.60765
-38.87703, -18.98618, 545.39252,  0.60834
-40.33319, -19.03703, 549.89478,  0.60902
-41.79059, -19.08281, 554.39899,  0.60971
-43.27750, -19.12532, 558.99298,  0.61040
-44.76516, -19.16602, 563.58868,  0.61110
-46.22463, -19.20003, 568.09680,  0.61179
-47.71369, -19.23116, 572.69513,  0.61249
-49.20326, -19.26270, 577.29401,  0.61318
-50.69376, -19.29061, 581.89355,  0.61388
-52.18435, -19.31225, 586.49365,  0.61458
-53.70493, -19.33494, 591.18378,  0.61529
-55.25525, -19.35853, 595.96240,  0.61601
-56.80655, -19.37218, 600.74084,  0.61673
-58.32962, -19.37523, 605.43066,  0.61744
-59.85323, -19.37300, 610.11993,  0.61815
-61.37708, -19.36621, 614.80768,  0.61886
-62.90092, -19.35219, 619.49493,  0.61957
-64.45354, -19.32982, 624.26917,  0.62029
-66.00662, -19.30278, 629.04156,  0.62101
-67.56026, -19.27549, 633.81232,  0.62173
-69.11301, -19.24878, 638.58167,  0.62245
-70.69670, -19.21427, 643.43622,  0.62319
-72.30909, -19.18680, 648.37854,  0.62394
-73.91953, -19.16486, 653.31885,  0.62468
-75.56012, -19.11595, 658.34332,  0.62544
-77.25491, -19.04945, 663.44354,  0.62622
-78.99715, -18.98379, 668.52271,  0.62699
-80.75805, -18.92546, 673.49298,  0.62775
-82.50748, -18.86911, 678.36481,  0.62849
-84.22252, -18.80797, 683.24414,  0.62924
-85.90450, -18.73126, 688.12817,  0.62998
-87.56247, -18.64815, 692.91791,  0.63071
-89.28813, -18.57790, 697.77856,  0.63145
-91.05328, -18.52573, 702.62152,  0.63219
-92.88001, -18.47075, 707.53552,  0.63295
-94.65393, -18.41630, 712.25836,  0.63368
-96.39409, -18.37824, 716.86102,  0.63438
-98.13847, -18.33814, 721.41241,  0.63508
-99.87062, -18.29257, 725.71783,  0.63575
-101.67725, -18.26903, 729.99799,  0.63642
-103.56776, -18.25341, 734.19513,  0.63708
-105.54175, -18.23557, 738.22577,  0.63772
-107.70294, -18.21507, 742.29077,  0.63838
-109.90905, -18.19593, 746.14337,  0.63901
-112.33241, -18.17776, 750.05518,  0.63966
-114.85584, -18.15517, 753.69293,  0.64028
-117.67717, -18.13168, 757.26080,  0.64093
-120.70200, -18.10709, 760.59100,  0.64156
-123.96946, -18.07656, 763.71155,  0.64220
-127.34688, -18.04840, 766.51160,  0.64282
-130.86649, -18.02375, 769.03693,  0.64343
-134.57750, -18.00490, 771.32104,  0.64404
-138.34869, -17.98775, 773.29041,  0.64464
-142.22397, -17.96799, 775.04297,  0.64525
-146.16086, -17.93894, 776.69604,  0.64586
-150.12328, -17.90183, 778.33600,  0.64647
-154.12805, -17.86746, 779.91132,  0.64709
-158.26004, -17.83003, 781.38501,  0.64772
-162.39067, -17.79581, 782.62683,  0.64834
-166.57817, -17.76616, 783.62268,  0.64896
-170.87723, -17.73284, 784.35382,  0.64959
-175.27524, -17.68761, 784.81122,  0.65022
-179.68457, -17.65649, 784.99347,  0.65085
-184.02711, -17.62682, 784.94806,  0.65148
-188.29611, -17.59178, 784.70905,  0.65209
-192.61501, -17.55862, 784.23993,  0.65272
-196.76129, -17.51453, 783.57196,  0.65333
-200.94490, -17.47449, 782.68793,  0.65394
-204.93852, -17.43716, 781.63495,  0.65454
-208.88199, -17.39722, 780.40057,  0.65514
-212.78426, -17.36572, 779.01324,  0.65574
-216.65074, -17.34405, 777.49725,  0.65634
-220.54684, -17.33062, 775.82990,  0.65696
-224.35039, -17.32256, 774.09607,  0.65756
-228.16344, -17.31207, 772.34351,  0.65816
-232.01282, -17.30383, 770.62720,  0.65877
-235.90497, -17.30498, 768.96558,  0.65938
-239.75182, -17.31380, 767.38452,  0.65998
-243.65199, -17.32971, 765.83997,  0.66059
-247.38448, -17.35658, 764.43921,  0.66116
-251.20457, -17.38164, 763.19336,  0.66175
-255.11230, -17.40676, 762.16321,  0.66233
-258.98196, -17.43909, 761.39093,  0.66290
-262.81750, -17.47373, 760.87219,  0.66346
-266.74716, -17.50504, 760.57196,  0.66403
-270.62482, -17.53481, 760.47113,  0.66459
-274.51526, -17.56703, 760.52728,  0.66516
-278.48096, -17.59151, 760.73798,  0.66573
-282.38058, -17.60936, 761.08862,  0.66630
-286.20935, -17.63754, 761.56842,  0.66686
-290.02048, -17.66680, 762.20282,  0.66742
-293.87396, -17.70467, 763.02478,  0.66800
-297.60745, -17.73967, 764.02191,  0.66856
-301.27847, -17.77513, 765.20667,  0.66912
-304.92682, -17.81080, 766.62354,  0.66969
-308.34991, -17.84892, 768.19537,  0.67024
-311.72577, -17.89006, 769.99835,  0.67080
-314.93640, -17.93174, 771.95087,  0.67134
-318.05759, -17.97347, 774.05707,  0.67190
-321.16504, -18.00877, 776.32690,  0.67246
-324.11176, -18.03621, 778.60425,  0.67301
-327.06680, -18.06517, 781.01025,  0.67358
-329.90338, -18.08853, 783.46729,  0.67413
-332.71509, -18.10817, 786.07666,  0.67470
-335.39496, -18.12882, 788.73920,  0.67526
-338.01028, -18.14715, 791.48553,  0.67583
-340.55829, -18.15960, 794.31219,  0.67639
-342.98502, -18.17227, 797.16644,  0.67695
-345.34592, -18.18956, 800.09351,  0.67751
-347.62860, -18.21661, 803.09753,  0.67807
-349.77979, -18.25267, 806.12164,  0.67861
-351.81522, -18.29648, 809.15375,  0.67915
-353.82797, -18.34984, 812.30621,  0.67969
-355.72568, -18.40345, 815.37744,  0.68022
-357.64908, -18.46047, 818.53967,  0.68075
-359.57162, -18.51673, 821.72345,  0.68130
-361.46136, -18.57121, 824.86017,  0.68183
-363.43695, -18.63433, 828.14111,  0.68238
-365.38126, -18.69758, 831.37341,  0.68293
-367.29181, -18.75975, 834.55774,  0.68346
-369.24173, -18.82627, 837.91113,  0.68402
-371.05432, -18.88912, 841.18317,  0.68456
-372.83780, -18.95747, 844.57306,  0.68512
-374.49500, -19.03064, 847.87158,  0.68565
-376.16193, -19.11174, 851.35144,  0.68621
-377.75107, -19.19051, 854.79980,  0.68675
-379.34082, -19.27833, 858.35077,  0.68732
-380.96753, -19.36905, 861.98938,  0.68789
-382.61789, -19.45634, 865.63635,  0.68847
-384.26654, -19.53571, 869.21686,  0.68903
-385.87177, -19.61062, 872.66010,  0.68958
-387.50421, -19.68580, 876.10675,  0.69013
-389.12747, -19.76141, 879.48499,  0.69067
-390.80997, -19.83937, 882.93884,  0.69122
-392.50427, -19.91787, 886.31006,  0.69176
-394.28894, -19.99682, 889.73883,  0.69232
-396.13007, -20.07284, 893.15143,  0.69288
-398.01538, -20.15959, 896.55450,  0.69344
-399.92743, -20.24942, 899.95795,  0.69400
-401.82370, -20.33911, 903.38342,  0.69456
-403.66907, -20.42930, 906.84827,  0.69512
-405.46304, -20.51660, 910.35120,  0.69569
-407.27872, -20.60735, 913.94879,  0.69627
-409.07187, -20.70212, 917.48016,  0.69684
-410.93979, -20.79607, 921.07959,  0.69742
-412.81241, -20.87893, 924.59576,  0.69800
-414.77899, -20.96037, 928.16339,  0.69858
-416.79266, -21.03974, 931.69586,  0.69917
-418.76163, -21.14095, 935.07092,  0.69973
-420.68103, -21.25680, 938.29156,  0.70027
-422.56100, -21.36909, 941.37988,  0.70079
-424.48718, -21.48888, 944.39655,  0.70130
-426.52313, -21.61142, 947.31195,  0.70181
-428.71738, -21.74410, 950.16809,  0.70232
-431.08713, -21.88986, 952.95642,  0.70285
-433.54691, -22.03383, 955.58221,  0.70336
-436.12051, -22.17809, 958.12164,  0.70388
-438.83905, -22.33140, 960.63965,  0.70441
-441.66226, -22.48574, 963.05463,  0.70495
-444.64584, -22.63899, 965.40527,  0.70549
-447.67307, -22.79258, 967.60242,  0.70603
-450.85068, -22.94710, 969.73254,  0.70658
-454.11871, -23.09954, 971.71307,  0.70713
-457.47543, -23.25292, 973.49506,  0.70767
-460.92346, -23.40755, 975.05347,  0.70821
-464.51190, -23.55795, 976.39069,  0.70875
-468.15448, -23.70132, 977.46930,  0.70929
-471.89575, -23.84335, 978.30011,  0.70983
-475.64761, -23.98225, 978.85840,  0.71036
-479.39441, -24.11997, 979.14325,  0.71089
-483.19330, -24.26096, 979.15546,  0.71142
-486.96744, -24.40145, 978.89819,  0.71195
-490.70914, -24.54107, 978.39337,  0.71248
-494.43558, -24.67262, 977.69739,  0.71302
-498.14902, -24.79697, 976.84314,  0.71356
-501.84637, -24.91751, 975.84064,  0.71410
-505.53394, -25.03420, 974.71698,  0.71465
-509.21100, -25.14612, 973.48260,  0.71521
-512.86877, -25.26604, 972.12769,  0.71576
-516.49146, -25.39329, 970.63104,  0.71632
-520.00812, -25.52225, 969.01782,  0.71687
-523.49213, -25.65659, 967.28369,  0.71743
-527.02386, -25.79106, 965.42987,  0.71800
-530.48920, -25.91668, 963.54742,  0.71857
-533.94006, -26.04109, 961.58783,  0.71914
-537.31677, -26.16689, 959.59515,  0.71970
-540.74927, -26.28309, 957.50604,  0.72028
-544.18738, -26.39103, 955.37640,  0.72086
-547.70386, -26.50113, 953.18463,  0.72145
-551.17609, -26.61320, 951.01617,  0.72205
-554.73053, -26.72060, 948.79156,  0.72265
-558.17151, -26.82542, 946.62506,  0.72323
-561.66107, -26.93445, 944.35724,  0.72383
-565.12701, -27.02683, 942.01593,  0.72443
-568.63666, -27.12425, 939.56415,  0.72505
-572.07739, -27.22378, 937.11017,  0.72566
-575.51520, -27.30042, 934.61786,  0.72627
-578.95459, -27.37707, 932.09113,  0.72689
-582.49536, -27.47022, 929.40839,  0.72753
-586.00818, -27.56757, 926.65515,  0.72817
-589.49866, -27.66037, 923.84015,  0.72881
-593.04102, -27.74687, 920.92975,  0.72948
-596.71069, -27.83132, 917.88959,  0.73017
-600.29150, -27.91291, 914.83948,  0.73084
-603.84875, -27.98746, 911.62250,  0.73153
-607.27332, -28.05992, 908.25659,  0.73222
-610.55927, -28.13297, 904.74603,  0.73292
-613.77405, -28.20259, 901.04822,  0.73362
-616.90869, -28.25525, 897.26135,  0.73433
-619.89740, -28.28957, 893.54254,  0.73501
-622.73407, -28.32254, 889.79950,  0.73569
-625.47943, -28.33507, 885.88556,  0.73637
-628.07373, -28.32573, 881.86566,  0.73705
-630.44727, -28.32172, 877.89447,  0.73771
-632.67676, -28.31277, 873.84021,  0.73837
-634.76898, -28.29787, 869.62695,  0.73904
-636.60431, -28.28051, 865.47736,  0.73969
-638.27100, -28.25761, 861.17902,  0.74034
-639.72339, -28.22702, 856.89221,  0.74099
-640.97015, -28.18680, 852.62982,  0.74162
-642.04254, -28.13814, 848.40338,  0.74224
-642.96619, -28.08998, 844.06281,  0.74287
-643.70435, -28.03433, 839.69379,  0.74350
-644.23145, -27.95997, 835.38507,  0.74412
-644.58691, -27.87924, 830.98187,  0.74475
-644.78894, -27.79920, 826.56927,  0.74538
-644.87097, -27.71076, 822.23010,  0.74601
-644.82483, -27.61950, 817.81030,  0.74664
-644.66241, -27.52342, 813.47150,  0.74727
-644.38995, -27.41927, 809.05396,  0.74790
-644.04596, -27.30949, 804.63574,  0.74855
-643.65533, -27.18296, 800.13525,  0.74920
-643.17700, -27.04634, 795.72540,  0.74984
-642.55328, -26.90178, 791.25439,  0.75049
-641.80017, -26.76246, 786.88708,  0.75114
-640.90973, -26.62208, 782.46332,  0.75179
-639.89355, -26.48468, 778.06909,  0.75244
-638.70667, -26.34743, 773.63947,  0.75310
-637.39545, -26.21399, 769.33105,  0.75375
-636.02344, -26.08344, 765.12415,  0.75439
-634.61560, -25.94826, 760.84021,  0.75504
-633.25214, -25.81067, 756.53583,  0.75569
-631.88599, -25.66407, 752.14325,  0.75635
-630.46790, -25.52943, 747.85059,  0.75700
-628.94122, -25.39813, 743.59540,  0.75765
-627.30048, -25.27190, 739.38062,  0.75830
-625.57861, -25.16039, 735.19250,  0.75895
-623.81128, -25.04190, 731.01746,  0.75960
-621.98334, -24.90349, 726.77466,  0.76027
-620.12244, -24.75992, 722.54034,  0.76093
-618.22571, -24.62125, 718.40900,  0.76158
-616.29175, -24.47254, 714.38245,  0.76223
-614.29901, -24.32451, 710.38031,  0.76287
-612.27191, -24.18362, 706.39044,  0.76351
-610.22717, -24.05029, 702.40350,  0.76416
-608.17346, -23.91654, 698.51123,  0.76479
-606.05273, -23.78152, 694.65204,  0.76542
-603.82324, -23.64065, 690.75830,  0.76606
-601.57037, -23.49578, 686.97040,  0.76670
-599.24487, -23.35859, 683.22522,  0.76733
-596.85419, -23.22150, 679.51874,  0.76796
-594.45612, -23.09350, 675.91028,  0.76859
-591.98224, -22.96346, 672.24921,  0.76922
-589.49176, -22.83333, 668.59375,  0.76985
-587.04053, -22.71197, 665.00421,  0.77048
-584.53723, -22.59173, 661.34583,  0.77112
-582.03082, -22.47408, 657.68433,  0.77175
-579.50848, -22.33504, 654.03253,  0.77239
-576.98895, -22.18335, 650.47607,  0.77302
-574.32483, -22.04484, 646.81622,  0.77367
-571.66736, -21.90902, 643.25165,  0.77431
-568.92889, -21.75394, 639.64215,  0.77496
-566.16882, -21.59387, 636.04523,  0.77561
-563.37494, -21.44094, 632.47235,  0.77626
-560.53387, -21.29066, 628.93512,  0.77691
-557.59320, -21.13733, 625.37012,  0.77758
-554.67065, -20.99103, 621.89331,  0.77823
-551.72931, -20.84560, 618.42865,  0.77888
-548.72479, -20.69041, 614.90527,  0.77955
-545.75208, -20.54498, 611.45990,  0.78020
-542.74945, -20.39910, 608.03741,  0.78086
-539.71783, -20.25616, 604.63660,  0.78151
-536.66534, -20.10927, 601.25104,  0.78217
-533.54456, -19.95887, 597.81097,  0.78284
-530.47333, -19.81264, 594.43396,  0.78349
-527.37683, -19.66869, 591.07788,  0.78415
-524.23456, -19.52986, 587.76208,  0.78481
-520.98755, -19.39143, 584.42938,  0.78548
-517.79254, -19.25090, 581.15997,  0.78614
-514.51044, -19.09916, 577.74146,  0.78682
-511.31125, -18.95469, 574.35577,  0.78749
-508.05869, -18.81001, 570.90186,  0.78817
-504.78476, -18.66008, 567.46552,  0.78885
-501.52960, -18.51673, 564.12305,  0.78952
-498.17865, -18.36872, 560.75580,  0.79021
-494.90152, -18.22503, 557.54816,  0.79087
-491.46744, -18.08627, 554.25934,  0.79155
-488.10968, -17.95370, 551.13110,  0.79221
-484.65057, -17.81905, 547.98547,  0.79288
-481.22098, -17.69394, 544.92670,  0.79354
-477.76675, -17.57366, 541.89105,  0.79420
-474.29300, -17.44659, 538.87372,  0.79486
-470.78574, -17.31227, 535.89331,  0.79552
-467.16302, -17.17412, 532.92053,  0.79619
-463.55417, -17.04013, 530.06226,  0.79685
-459.90543, -16.91494, 527.25104,  0.79752
-456.22433, -16.79447, 524.47845,  0.79818
-452.50974, -16.67468, 521.74701,  0.79884
-448.76562, -16.55367, 519.05090,  0.79950
-444.93240, -16.42543, 516.33051,  0.80018
-441.01755, -16.29432, 513.57324,  0.80087
-437.15741, -16.17556, 510.87747,  0.80155
-433.33679, -16.06953, 508.26831,  0.80221
-429.41333, -15.95871, 505.65567,  0.80289
-425.53125, -15.85700, 503.12555,  0.80356
-421.56067, -15.75995, 500.56882,  0.80424
-417.58011, -15.65983, 498.01971,  0.80492
-413.65161, -15.55427, 495.54099,  0.80558
-409.76855, -15.44636, 493.14337,  0.80624
-405.78674, -15.33791, 490.73917,  0.80691
-401.85788, -15.23182, 488.40463,  0.80757
-397.84454, -15.12876, 486.03830,  0.80824
-393.82425, -15.02801, 483.67615,  0.80891
-389.79913, -14.92398, 481.31519,  0.80958
-385.69366, -14.81842, 478.91595,  0.81027
-381.64856, -14.71645, 476.57449,  0.81094
-377.51721, -14.61344, 474.20480,  0.81163
-373.44934, -14.51453, 471.88788,  0.81230
-369.22568, -14.41067, 469.49237,  0.81300
-365.07108, -14.31107, 467.13977,  0.81369
-360.91290, -14.20667, 464.78668,  0.81437
-356.67673, -14.09664, 462.39090,  0.81508
-352.51132, -13.99124, 460.03580,  0.81576
-348.26837, -13.88672, 457.63718,  0.81647
-344.02194, -13.78682, 455.23679,  0.81717
-339.69748, -13.68888, 452.79169,  0.81788
-335.44489, -13.59396, 450.38596,  0.81858
-331.19019, -13.48816, 447.97791,  0.81929
-326.85855, -13.37546, 445.52487,  0.82001
-322.52493, -13.26239, 443.06860,  0.82073
-318.11411, -13.14979, 440.56757,  0.82146
-313.62637, -13.04187, 438.02097,  0.82220
-308.98813, -12.93176, 435.38269,  0.82297
-304.27554, -12.81832, 432.69397,  0.82376
-299.56436, -12.70716, 429.99414,  0.82454
-294.93011, -12.59386, 427.32684,  0.82531
-290.14993, -12.47744, 424.55969,  0.82611
-285.45978, -12.36380, 421.80344,  0.82689
-280.93457, -12.25308, 419.10168,  0.82766
-276.50977, -12.14321, 416.39804,  0.82840
-272.06970, -12.04190, 413.55725,  0.82916
-267.76828, -11.94688, 410.66449,  0.82991
-263.59406, -11.85234, 407.73697,  0.83065
-259.51953, -11.76192, 404.81229,  0.83137
-255.45590, -11.67426, 401.86661,  0.83209
-251.41466, -11.58402, 398.88641,  0.83282
-247.40672, -11.48835, 395.85770,  0.83354
-243.36340, -11.39021, 392.72830,  0.83428
-239.41985, -11.28995, 389.60928,  0.83500
-235.53780, -11.19099, 386.41620,  0.83573
-231.72485, -11.09111, 383.14230,  0.83645
-227.97668, -10.99219, 379.79407,  0.83718
-224.24777, -10.90213, 376.42029,  0.83790
-220.50522, -10.80689, 373.05841,  0.83863
-216.74890, -10.70814, 369.70908,  0.83935
-213.07399, -10.59779, 366.39688,  0.84007
-209.36259, -10.48892, 362.99207,  0.84079
-205.76801, -10.38262, 359.59100,  0.84151
-202.17389, -10.27167, 356.06543,  0.84223
-198.69865, -10.16075, 352.54291,  0.84294
-195.20511, -10.05183, 348.91541,  0.84367
-191.82176, -9.94378, 345.30283,  0.84438
-188.48515, -9.83135, 341.64627,  0.84509
-185.20001, -9.72558, 337.94220,  0.84581
-182.04016, -9.61922, 334.24661,  0.84651
-178.90007, -9.49659, 330.42459,  0.84722
-175.90115, -9.37661, 326.60339,  0.84792
-172.92899, -9.26933, 322.65329,  0.84863
-170.09842, -9.15824, 318.71133,  0.84932
-167.36642, -9.04184, 314.70486,  0.85002
-164.76941, -8.92359, 310.71503,  0.85071
-162.23940, -8.79995, 306.68347,  0.85139
-159.74556, -8.67426, 302.62827,  0.85208
-157.26585, -8.54901, 298.56284,  0.85276
-154.81126, -8.41732, 294.48279,  0.85345
-152.39957, -8.28395, 290.37738,  0.85414
-150.03267, -8.15034, 286.24594,  0.85482
-147.71391, -8.01925, 282.08798,  0.85551
-145.46474, -7.88718, 277.89468,  0.85620
-143.28320, -7.75165, 273.66714,  0.85688
-141.11954, -7.61939, 269.33374,  0.85758
-139.02835, -7.48810, 265.06027,  0.85827
-136.95274, -7.35473, 260.77844,  0.85895
-134.88307, -7.21733, 256.49280,  0.85964
-132.85344, -7.08614, 252.28313,  0.86031
-130.78770, -6.94238, 247.99484,  0.86100
-128.72359, -6.80230, 243.70454,  0.86169
-126.69857, -6.66451, 239.49121,  0.86237
-124.63914, -6.52580, 235.19778,  0.86305
-122.61971, -6.38775, 230.98071,  0.86373
-120.60336, -6.24397, 226.76225,  0.86441
-118.58935, -6.09844, 222.54254,  0.86508
-116.57954, -5.94687, 218.32132,  0.86576
-114.53856, -5.79085, 214.01920,  0.86645
-112.54164, -5.64074, 209.79201,  0.86712
-110.53606, -5.49400, 205.47400,  0.86781
-108.60339, -5.34819, 201.21823,  0.86849
-106.70721, -5.20863, 196.94545,  0.86916
-104.84444, -5.07852, 192.65787,  0.86984
-102.99055, -4.94228, 188.27287,  0.87052
-101.20818, -4.80621, 183.95110,  0.87120
-99.45289, -4.67620, 179.61719,  0.87187
-97.71352, -4.55089, 175.27592,  0.87255
-96.01533, -4.42064, 171.01100,  0.87321
-94.32134, -4.29091, 166.74336,  0.87388
-92.63168, -4.16578, 162.47296,  0.87454
-90.96558, -4.04159, 158.19315,  0.87520
-89.29837, -3.91405, 153.81985,  0.87587
-87.69844, -3.79579, 149.51254,  0.87654
-86.11020, -3.68492, 145.10715,  0.87721
-84.62257, -3.58381, 140.76009,  0.87787
-83.22829, -3.48753, 136.29602,  0.87854
-82.01286, -3.39102, 131.87849,  0.87920
-80.96305, -3.30233, 127.42792,  0.87985
-80.05302, -3.21420, 122.86567,  0.88052
-79.28456, -3.12946, 118.28159,  0.88119
-78.63947, -3.04720, 113.68094,  0.88185
-78.09656, -2.95671, 109.15341,  0.88251
-77.60898, -2.86127, 104.53120,  0.88318
-77.21032, -2.76221, 99.90247,  0.88384
-76.93102, -2.65065, 95.26920,  0.88451
-76.77272, -2.53038, 90.54715,  0.88519
-76.72054, -2.41616, 85.90944,  0.88586
-76.73383, -2.30287, 81.27094,  0.88653
-76.80047, -2.18259, 76.63512,  0.88720
-76.95200, -2.07099, 72.00370,  0.88787
-77.24026, -1.95519, 67.30087,  0.88854
-77.71168, -1.83692, 62.54151,  0.88923
-78.36433, -1.72179, 57.90523,  0.88991
-79.17456, -1.61208, 53.39163,  0.89057
-80.15504, -1.50426, 48.83075,  0.89124
-81.22408, -1.40113, 44.37683,  0.89190
-82.36838, -1.29213, 39.85136,  0.89258
-83.51023, -1.17828, 35.41002,  0.89324
-84.65839, -1.05574, 30.96787,  0.89391
-85.80961, -0.92901, 26.52415,  0.89458
-86.96342, -0.79005, 22.08041,  0.89526
-88.12798, -0.65831, 17.63665,  0.89593
-89.34950, -0.54504, 13.20774,  0.89661
-90.64147, -0.43625, 8.79786,  0.89728
-92.03120, -0.33164, 4.32707,  0.89796
-93.48252, -0.23561, -0.03426,  0.89863
-95.01405, -0.15277, -4.37030,  0.89930
-96.58760, -0.08157, -8.60325,  0.89996
-98.24270, -0.01226, -12.90069,  0.90063
-99.89591, 0.05065, -17.11280,  0.90128
-101.56338, 0.11377, -21.32422,  0.90194
-103.27105, 0.18179, -25.61677,  0.90262
-104.98409, 0.24761, -29.91271,  0.90329
-106.70071, 0.30408, -34.21296,  0.90396
-108.42130, 0.35852, -38.51682,  0.90464
-110.14517, 0.41519, -42.82502,  0.90531
-111.90392, 0.46621, -47.21774,  0.90600
-113.66975, 0.51791, -51.61333,  0.90668
-115.45850, 0.56907, -56.00508,  0.90737
-117.28332, 0.61284, -60.38721,  0.90805
-119.18987, 0.65478, -64.73457,  0.90874
-121.18645, 0.70445, -69.04234,  0.90942
-123.27003, 0.75725, -73.31042,  0.91010
-125.37543, 0.81275, -77.47427,  0.91078
-127.51250, 0.87120, -81.62666,  0.91145
-129.70184, 0.93638, -85.85398,  0.91213
-131.81454, 1.00710, -89.93034,  0.91279
-133.95332, 1.08375, -94.09372,  0.91347
-136.02719, 1.16327, -98.28943,  0.91414
-137.98697, 1.24588, -102.44384,  0.91480
-139.87315, 1.32913, -106.63259,  0.91546
-141.74287, 1.41638, -110.92548,  0.91614
-143.58650, 1.49840, -115.23265,  0.91681
-145.38637, 1.58663, -119.46690,  0.91747
-147.21744, 1.67960, -123.78522,  0.91814
-149.04790, 1.76837, -128.10698,  0.91881
-150.84547, 1.85899, -132.35049,  0.91947
-152.67564, 1.95502, -136.67690,  0.92015
-154.50046, 2.06251, -141.00722,  0.92082
-156.28200, 2.16408, -145.26433,  0.92148
-158.08476, 2.27040, -149.60800,  0.92216
-159.87498, 2.38828, -153.95815,  0.92283
-161.60452, 2.50281, -158.23959,  0.92349
-163.35225, 2.61944, -162.70181,  0.92418
-165.02087, 2.72951, -167.10213,  0.92485
-166.67976, 2.83753, -171.60042,  0.92554
-168.23837, 2.95629, -176.03822,  0.92621
-169.74644, 3.09567, -180.58354,  0.92690
-171.18268, 3.23334, -185.15092,  0.92758
-172.57019, 3.36807, -189.73311,  0.92827
-173.95720, 3.50905, -194.40678,  0.92897
-175.30962, 3.64472, -199.00041,  0.92966
-176.68076, 3.79469, -203.67854,  0.93035
-178.02484, 3.94442, -208.27411,  0.93104
-179.38318, 4.10233, -212.95490,  0.93174
-180.68405, 4.26272, -217.56018,  0.93243
-181.94699, 4.42728, -222.17455,  0.93311
-183.19206, 4.59923, -226.88202,  0.93381
-184.35094, 4.76668, -231.51865,  0.93450
-185.44205, 4.93078, -236.16922,  0.93518
-186.48674, 5.10575, -240.91632,  0.93588
-187.48967, 5.28202, -245.67108,  0.93658
-188.48961, 5.46375, -250.51331,  0.93729
-189.46353, 5.64645, -255.27075,  0.93799
-190.43474, 5.82027, -260.02802,  0.93869
-191.40268, 6.00076, -264.78351,  0.93938
-192.36810, 6.18651, -269.53775,  0.94008
-193.33122, 6.37380, -274.29062,  0.94078
-194.29045, 6.56596, -279.04190,  0.94148
-195.24547, 6.75445, -283.79260,  0.94217
-196.19086, 6.94497, -288.54266,  0.94287
-197.09761, 7.12255, -293.21130,  0.94356
-197.99458, 7.30655, -297.96719,  0.94425
-198.85637, 7.50368, -302.72653,  0.94495
-199.64677, 7.68511, -307.40875,  0.94563
-200.39438, 7.86486, -312.18250,  0.94633
-201.13107, 8.05079, -316.95502,  0.94702
-201.89723, 8.23199, -321.72092,  0.94772
-202.67664, 8.42021, -326.56796,  0.94842
-203.38725, 8.60297, -331.33603,  0.94912
-204.02910, 8.78457, -336.11057,  0.94981
-204.64494, 8.96201, -340.88739,  0.95050
-205.26828, 9.14330, -345.66122,  0.95120
-205.91046, 9.32557, -350.43130,  0.95189
-206.56436, 9.50636, -355.19843,  0.95258
-207.22255, 9.68279, -359.96442,  0.95328
-207.88779, 9.86664, -364.81110,  0.95398
-208.53711, 10.05541, -369.64294,  0.95468
-209.17802, 10.21484, -374.34332,  0.95536
-209.79341, 10.38754, -378.87042,  0.95602
-210.39661, 10.53977, -383.29352,  0.95667
-210.96350, 10.68023, -387.44098,  0.95727
-211.48224, 10.82204, -391.46027,  0.95785
-211.92470, 10.95100, -395.28717,  0.95841
-212.28265, 11.06615, -398.87527,  0.95893
-212.60977, 11.17558, -402.27795,  0.95942
-212.91862, 11.27596, -405.43222,  0.95988
-213.23976, 11.37341, -408.46869,  0.96032
-213.57381, 11.48159, -411.41324,  0.96075
-213.89574, 11.57464, -414.21228,  0.96115
-214.20625, 11.66640, -416.91089,  0.96154
-214.50771, 11.75622, -419.53546,  0.96191
-214.80119, 11.84608, -422.10800,  0.96228
-215.07443, 11.92773, -424.53314,  0.96261
-215.32718, 12.00180, -426.81747,  0.96292
-215.50902, 12.07651, -429.11890,  0.96323
-215.53856, 12.14278, -431.35312,  0.96352
-215.41072, 12.19973, -433.54614,  0.96380
-215.10056, 12.24206, -435.65195,  0.96408
-214.58356, 12.26708, -437.72403,  0.96435
-213.82782, 12.28294, -439.77921,  0.96463
-212.83684, 12.30630, -441.80237,  0.96491
-211.60426, 12.33233, -443.76077,  0.96520
-210.16896, 12.36931, -445.60538,  0.96549
-208.56667, 12.41806, -447.26276,  0.96578
-206.81654, 12.47760, -448.70688,  0.96606
-204.91422, 12.54641, -449.93625,  0.96635
-202.95674, 12.62028, -450.91208,  0.96662
-200.94153, 12.70587, -451.69965,  0.96690
-198.81531, 12.80203, -452.38776,  0.96719
-196.68129, 12.89334, -453.01376,  0.96748
-194.50218, 12.97850, -453.56058,  0.96778
-192.27390, 13.06282, -453.99591,  0.96809
-190.00302, 13.14452, -454.27722,  0.96840
-187.73799, 13.22504, -454.42584,  0.96870
-185.39502, 13.30633, -454.48157,  0.96903
-182.98392, 13.38820, -454.49643,  0.96937
-180.63713, 13.46385, -454.52951,  0.96970
-178.27670, 13.53140, -454.58612,  0.97006
-175.94885, 13.59130, -454.69989,  0.97043
-173.66718, 13.64414, -454.94727,  0.97078
-171.49094, 13.67912, -455.35947,  0.97113
-169.31271, 13.70732, -456.02005,  0.97148
-167.24889, 13.74887, -456.94681,  0.97183
-165.31870, 13.79930, -458.11862,  0.97218
-163.53648, 13.87633, -459.51791,  0.97253
-161.89337, 13.99181, -461.14478,  0.97290
-160.40952, 14.16151, -462.88028,  0.97326
-159.06418, 14.33739, -464.69302,  0.97361
-157.91573, 14.45400, -466.51370,  0.97394
-156.95192, 14.49209, -468.36716,  0.97425
-156.20915, 14.57894, -470.21155,  0.97454
-155.71031, 14.67639, -472.08508,  0.97482
-155.48116, 14.77881, -473.94510,  0.97510
-155.51945, 14.87480, -475.70297,  0.97536
-155.79767, 14.95937, -477.42862,  0.97561
-156.28801, 15.04097, -479.12332,  0.97587
-156.91032, 15.12257, -480.80908,  0.97612
-157.55569, 15.19444, -482.48569,  0.97639
-158.22124, 15.26347, -484.18646,  0.97666
-158.91733, 15.34150, -485.90967,  0.97693
-159.63542, 15.42322, -487.65961,  0.97721
-160.37018, 15.50384, -489.43661,  0.97750
-161.13232, 15.58641, -491.27646,  0.97780
-161.89316, 15.66722, -493.11194,  0.97810
-162.68199, 15.74629, -495.01239,  0.97840
-163.50111, 15.82207, -496.93481,  0.97872
-164.37924, 15.89239, -498.82104,  0.97903
-165.32010, 15.96187, -500.71283,  0.97934
-166.35030, 16.02489, -502.58978,  0.97966
-167.44893, 16.08279, -504.41565,  0.97998
-168.62982, 16.14503, -506.27786,  0.98031
-169.82779, 16.20706, -508.11966,  0.98063
-171.07422, 16.26897, -510.02136,  0.98097
-172.34125, 16.32926, -511.95035,  0.98131
-173.60307, 16.39021, -513.87103,  0.98165
-174.90863, 16.45384, -515.85706,  0.98200
-176.22739, 16.51515, -517.81921,  0.98235
-177.61763, 16.57698, -519.82806,  0.98270
-179.01805, 16.63671, -521.81348,  0.98305
-180.47398, 16.69962, -523.85706,  0.98342
-181.95276, 16.76274, -525.92493,  0.98379
-183.42163, 16.82448, -527.97968,  0.98415
-184.93141, 16.88906, -530.10291,  0.98453
-186.43518, 16.95381, -532.26715,  0.98492
-187.93774, 17.01943, -534.46844,  0.98530
-189.44418, 17.08556, -536.70209,  0.98569
-190.96138, 17.15343, -538.96234,  0.98608
-192.49332, 17.22084, -541.24597,  0.98648
-194.04019, 17.29047, -543.55115,  0.98688
-195.63188, 17.36516, -545.92157,  0.98729
-197.20911, 17.43279, -548.26978,  0.98769
-198.83044, 17.50150, -550.68298,  0.98811
-200.43642, 17.57092, -553.07153,  0.98852
-202.08812, 17.63942, -555.52557,  0.98895
-203.79463, 17.70493, -558.03925,  0.98938
-205.50943, 17.77120, -560.50934,  0.98981
-207.28291, 17.84011, -563.01727,  0.99025
-209.09109, 17.90760, -565.54663,  0.99070
-210.90317, 17.96948, -568.07013,  0.99115
-212.76970, 18.03341, -570.67529,  0.99161
-214.63940, 18.10191, -573.30304,  0.99207
-216.52296, 18.16762, -576.01141,  0.99255
-218.36133, 18.23054, -578.70465,  0.99302
-220.19586, 18.29103, -581.42371,  0.99349
-221.97021, 18.35321, -584.06549,  0.99395
-223.78625, 18.41832, -586.77124,  0.99442
-225.57967, 18.48279, -589.44281,  0.99488
-227.38348, 18.54978, -592.12805,  0.99535
-229.19789, 18.61434, -594.82739,  0.99581
-231.05624, 18.67513, -597.58997,  0.99629
-232.92566, 18.73856, -600.36615,  0.99677
-234.77324, 18.80186, -603.10626,  0.99725
-236.66360, 18.86195, -605.91138,  0.99774
-238.58864, 18.92589, -608.78735,  0.99823
-240.48273, 18.98992, -611.63245,  0.99873
-242.36700, 19.05397, -614.50409,  0.99922
-244.27420, 19.11679, -617.45490,  0.99973
